state,district,crop,variety,duration (days),soil type,week no.,rainfall (mm),max temp (°c),min temp (°c),sunshine hours,phase,water requirement (mm),no_of_samples,acidic_(%),alkaline_(%),neutral_(%),normal_ec_(%),oc_(%),p_(%),k_(%),ca_(%),mg_(%),s_(%),zn_(%),b_(%),fe_(%),cu_(%),mn_(%),number_of_soil_samples_collected,number_of_soil_samples_collected_alt
Orissa,Cuttack,Paddy (Kharif),Local/Hybrid,110-155,"Sandy Loam, Clay Loam",1,42.3,33.5,25.4,6.2,Sowing,128.4,130,94.78571429,0.928571429,4.285714286,98.71428571,38.35714286,38.14285714,35.92857143,2,7.714285714,45.21428571,17.14285714,81.85714286,4.642857143,1,0.857142857,113.8345687,126
Orissa,Cuttack,Paddy (Kharif),Local/Hybrid,110-155,"Sandy Loam, Clay Loam",2,64.9,34.3,26,,Sowing,128.4,130,94.78571429,0.928571429,4.285714286,98.71428571,38.35714286,38.14285714,35.92857143,2,7.714285714,45.21428571,17.14285714,81.85714286,4.642857143,1,0.857142857,113.8345687,126
Orissa,Cuttack,Paddy (Kharif),Local/Hybrid,110-155,"Sandy Loam, Clay Loam",3,67.4,32.1,25.2,4.5,Sowing,128.4,130,94.78571429,0.928571429,4.285714286,98.71428571,38.35714286,38.14285714,35.92857143,2,7.714285714,45.21428571,17.14285714,81.85714286,4.642857143,1,0.857142857,113.8345687,126
Orissa,Cuttack,Paddy (Kharif),Local/Hybrid,110-155,"Sandy Loam, Clay Loam",4,65.7,32.5,24.6,3,Transplanting,128.4,130,94.78571429,0.928571429,4.285714286,98.71428571,38.35714286,38.14285714,35.92857143,2,7.714285714,45.21428571,17.14285714,81.85714286,4.642857143,1,0.857142857,113.8345687,126
Orissa,Cuttack,Paddy (Kharif),Local/Hybrid,110-155,"Sandy Loam, Clay Loam",5,68.1,31.8,24.8,3.5,Transplanting,128.4,130,94.78571429,0.928571429,4.285714286,98.71428571,38.35714286,38.14285714,35.92857143,2,7.714285714,45.21428571,17.14285714,81.85714286,4.642857143,1,0.857142857,113.8345687,126
Orissa,Cuttack,Paddy (Kharif),Local/Hybrid,110-155,"Sandy Loam, Clay Loam",6,99.6,31.9,24.9,4,Vegetative Growth,226.9,130,94.78571429,0.928571429,4.285714286,98.71428571,38.35714286,38.14285714,35.92857143,2,7.714285714,45.21428571,17.14285714,81.85714286,4.642857143,1,0.857142857,113.8345687,126
Orissa,Cuttack,Paddy (Kharif),Local/Hybrid,110-155,"Sandy Loam, Clay Loam",7,75,32,25.1,,Vegetative Growth,226.9,130,94.78571429,0.928571429,4.285714286,98.71428571,38.35714286,38.14285714,35.92857143,2,7.714285714,45.21428571,17.14285714,81.85714286,4.642857143,1,0.857142857,113.8345687,126
Orissa,Cuttack,Paddy (Kharif),Local/Hybrid,110-155,"Sandy Loam, Clay Loam",8,70,31.8,25.2,5,Vegetative Growth,226.9,130,94.78571429,0.928571429,4.285714286,98.71428571,38.35714286,38.14285714,35.92857143,2,7.714285714,45.21428571,17.14285714,81.85714286,4.642857143,1,0.857142857,113.8345687,126
Orissa,Cuttack,Paddy (Kharif),Local/Hybrid,110-155,"Sandy Loam, Clay Loam",9,139.6,31.4,24.8,5,Vegetative Growth,226.9,130,94.78571429,0.928571429,4.285714286,98.71428571,38.35714286,38.14285714,35.92857143,2,7.714285714,45.21428571,17.14285714,81.85714286,4.642857143,1,0.857142857,113.8345687,126
Orissa,Cuttack,Paddy (Kharif),Local/Hybrid,110-155,"Sandy Loam, Clay Loam",10,66.1,31.4,25.3,4.8,Vegetative Growth,226.9,130,94.78571429,0.928571429,4.285714286,98.71428571,38.35714286,38.14285714,35.92857143,2,7.714285714,45.21428571,17.14285714,81.85714286,4.642857143,1,0.857142857,113.8345687,126
Orissa,Cuttack,Paddy (Kharif),Local/Hybrid,110-155,"Sandy Loam, Clay Loam",11,73.9,32.2,25.2,6.3,Vegetative Growth,226.9,130,94.78571429,0.928571429,4.285714286,98.71428571,38.35714286,38.14285714,35.92857143,2,7.714285714,45.21428571,17.14285714,81.85714286,4.642857143,1,0.857142857,113.8345687,126
Orissa,Cuttack,Paddy (Kharif),Local/Hybrid,110-155,"Sandy Loam, Clay Loam",12,62.9,31.6,24.9,,Vegetative Growth,226.9,130,94.78571429,0.928571429,4.285714286,98.71428571,38.35714286,38.14285714,35.92857143,2,7.714285714,45.21428571,17.14285714,81.85714286,4.642857143,1,0.857142857,113.8345687,126
Orissa,Cuttack,Paddy (Kharif),Local/Hybrid,110-155,"Sandy Loam, Clay Loam",13,63,32.5,25,,Flowering,173,130,94.78571429,0.928571429,4.285714286,98.71428571,38.35714286,38.14285714,35.92857143,2,7.714285714,45.21428571,17.14285714,81.85714286,4.642857143,1,0.857142857,113.8345687,126
Orissa,Cuttack,Paddy (Kharif),Local/Hybrid,110-155,"Sandy Loam, Clay Loam",14,67,32.5,25.2,,Flowering,173,130,94.78571429,0.928571429,4.285714286,98.71428571,38.35714286,38.14285714,35.92857143,2,7.714285714,45.21428571,17.14285714,81.85714286,4.642857143,1,0.857142857,113.8345687,126
Orissa,Cuttack,Paddy (Kharif),Local/Hybrid,110-155,"Sandy Loam, Clay Loam",15,42.1,31.9,25.1,,Flowering,173,130,94.78571429,0.928571429,4.285714286,98.71428571,38.35714286,38.14285714,35.92857143,2,7.714285714,45.21428571,17.14285714,81.85714286,4.642857143,1,0.857142857,113.8345687,126
Orissa,Cuttack,Paddy (Kharif),Local/Hybrid,110-155,"Sandy Loam, Clay Loam",16,25.1,32.1,25,,Flowering,173,130,94.78571429,0.928571429,4.285714286,98.71428571,38.35714286,38.14285714,35.92857143,2,7.714285714,45.21428571,17.14285714,81.85714286,4.642857143,1,0.857142857,113.8345687,126
Orissa,Cuttack,Paddy (Kharif),Local/Hybrid,110-155,"Sandy Loam, Clay Loam",17,10.5,32.5,23.4,,Flowering,173,130,94.78571429,0.928571429,4.285714286,98.71428571,38.35714286,38.14285714,35.92857143,2,7.714285714,45.21428571,17.14285714,81.85714286,4.642857143,1,0.857142857,113.8345687,126
Orissa,Cuttack,Paddy (Kharif),Local/Hybrid,110-155,"Sandy Loam, Clay Loam",18,4.9,32.1,24.2,,Grain Formation,100.8,130,94.78571429,0.928571429,4.285714286,98.71428571,38.35714286,38.14285714,35.92857143,2,7.714285714,45.21428571,17.14285714,81.85714286,4.642857143,1,0.857142857,113.8345687,126
Orissa,Cuttack,Paddy (Kharif),Local/Hybrid,110-155,"Sandy Loam, Clay Loam",19,17.9,32,23.4,,Grain Formation,100.8,130,94.78571429,0.928571429,4.285714286,98.71428571,38.35714286,38.14285714,35.92857143,2,7.714285714,45.21428571,17.14285714,81.85714286,4.642857143,1,0.857142857,113.8345687,126
Orissa,Cuttack,Paddy (Kharif),Local/Hybrid,110-155,"Sandy Loam, Clay Loam",20,8.4,31.3,21.4,,Grain Formation,100.8,130,94.78571429,0.928571429,4.285714286,98.71428571,38.35714286,38.14285714,35.92857143,2,7.714285714,45.21428571,17.14285714,81.85714286,4.642857143,1,0.857142857,113.8345687,126
Orissa,Cuttack,Paddy (Kharif),Local/Hybrid,110-155,"Sandy Loam, Clay Loam",21,6.3,32.5,24.6,,Grain Formation,100.8,130,94.78571429,0.928571429,4.285714286,98.71428571,38.35714286,38.14285714,35.92857143,2,7.714285714,45.21428571,17.14285714,81.85714286,4.642857143,1,0.857142857,113.8345687,126
Orissa,Cuttack,Paddy (Kharif),Local/Hybrid,110-155,"Sandy Loam, Clay Loam",22,1.2,31,20.5,8,Harvesting,63.7,130,94.78571429,0.928571429,4.285714286,98.71428571,38.35714286,38.14285714,35.92857143,2,7.714285714,45.21428571,17.14285714,81.85714286,4.642857143,1,0.857142857,113.8345687,126
Orissa,Cuttack,Paddy (Kharif),Local/Hybrid,110-155,"Sandy Loam, Clay Loam",23,0.2,30.7,19.7,,Harvesting,63.7,130,94.78571429,0.928571429,4.285714286,98.71428571,38.35714286,38.14285714,35.92857143,2,7.714285714,45.21428571,17.14285714,81.85714286,4.642857143,1,0.857142857,113.8345687,126
Orissa,Cuttack,Paddy (Kharif),Local/Hybrid,110-155,"Sandy Loam, Clay Loam",24,4.3,30.1,18.7,,Harvesting,63.7,130,94.78571429,0.928571429,4.285714286,98.71428571,38.35714286,38.14285714,35.92857143,2,7.714285714,45.21428571,17.14285714,81.85714286,4.642857143,1,0.857142857,113.8345687,126
Orissa,Cuttack,Paddy (Kharif),Local/Hybrid,110-155,"Sandy Loam, Clay Loam",25,0.7,29.3,17.1,,Harvesting,63.7,130,94.78571429,0.928571429,4.285714286,98.71428571,38.35714286,38.14285714,35.92857143,2,7.714285714,45.21428571,17.14285714,81.85714286,4.642857143,1,0.857142857,113.8345687,126
Orissa,Cuttack,Paddy (Kharif),Local/Hybrid,110-155,"Sandy Loam, Clay Loam",26,,28.8,15.7,8.8,Harvesting,63.7,130,94.78571429,0.928571429,4.285714286,98.71428571,38.35714286,38.14285714,35.92857143,2,7.714285714,45.21428571,17.14285714,81.85714286,4.642857143,1,0.857142857,113.8345687,126
Orissa,Cuttack,Paddy (Kharif),Local/Hybrid,110-155,"Sandy Loam, Clay Loam",27,,28.7,15.5,8.8,Harvesting,63.7,130,94.78571429,0.928571429,4.285714286,98.71428571,38.35714286,38.14285714,35.92857143,2,7.714285714,45.21428571,17.14285714,81.85714286,4.642857143,1,0.857142857,113.8345687,126
Orissa,Cuttack,Paddy (Kharif),Local/Hybrid,110-155,"Sandy Loam, Clay Loam",28,,28.6,15,8.9,Harvesting,63.7,130,94.78571429,0.928571429,4.285714286,98.71428571,38.35714286,38.14285714,35.92857143,2,7.714285714,45.21428571,17.14285714,81.85714286,4.642857143,1,0.857142857,113.8345687,126
Orissa,Cuttack,Paddy (Kharif),Local/Hybrid,110-155,"Sandy Loam, Clay Loam",29,,24.2,12.9,8.3,Harvesting,63.7,130,94.78571429,0.928571429,4.285714286,98.71428571,38.35714286,38.14285714,35.92857143,2,7.714285714,45.21428571,17.14285714,81.85714286,4.642857143,1,0.857142857,113.8345687,126
Orissa,"Mayurbhanj, Bolangir, Dhenkanal",Paddy (Kharif),Daya HYV,100-135,"Clay Loam, Red Sandy Loam, Laterite",1,32.2,38.8,25.9,,Sowing,106.4,,,,,,,,,,,,,,,,,,
Orissa,"Mayurbhanj, Bolangir, Dhenkanal",Paddy (Kharif),Daya HYV,100-135,"Clay Loam, Red Sandy Loam, Laterite",2,45.1,37,25.5,,Sowing,106.4,,,,,,,,,,,,,,,,,,
Orissa,"Mayurbhanj, Bolangir, Dhenkanal",Paddy (Kharif),Daya HYV,100-135,"Clay Loam, Red Sandy Loam, Laterite",3,76.4,35.1,25.1,3.6,Sowing,106.4,,,,,,,,,,,,,,,,,,
Orissa,"Mayurbhanj, Bolangir, Dhenkanal",Paddy (Kharif),Daya HYV,100-135,"Clay Loam, Red Sandy Loam, Laterite",4,76.4,35.2,24.2,5,Transplanting,106.4,,,,,,,,,,,,,,,,,,
Orissa,"Mayurbhanj, Bolangir, Dhenkanal",Paddy (Kharif),Daya HYV,100-135,"Clay Loam, Red Sandy Loam, Laterite",5,,32.5,24.3,5.1,Transplanting,106.4,,,,,,,,,,,,,,,,,,
Orissa,"Mayurbhanj, Bolangir, Dhenkanal",Paddy (Kharif),Daya HYV,100-135,"Clay Loam, Red Sandy Loam, Laterite",6,76.3,31.8,24.3,3.4,Vegetative Growth,187.3,,,,,,,,,,,,,,,,,,
Orissa,"Mayurbhanj, Bolangir, Dhenkanal",Paddy (Kharif),Daya HYV,100-135,"Clay Loam, Red Sandy Loam, Laterite",7,79.7,31.8,24.2,3.3,Vegetative Growth,187.3,,,,,,,,,,,,,,,,,,
Orissa,"Mayurbhanj, Bolangir, Dhenkanal",Paddy (Kharif),Daya HYV,100-135,"Clay Loam, Red Sandy Loam, Laterite",8,86.6,32.3,24.1,4.4,Vegetative Growth,187.3,,,,,,,,,,,,,,,,,,
Orissa,"Mayurbhanj, Bolangir, Dhenkanal",Paddy (Kharif),Daya HYV,100-135,"Clay Loam, Red Sandy Loam, Laterite",9,,31.9,24.1,,Vegetative Growth,187.3,,,,,,,,,,,,,,,,,,
Orissa,"Mayurbhanj, Bolangir, Dhenkanal",Paddy (Kharif),Daya HYV,100-135,"Clay Loam, Red Sandy Loam, Laterite",10,95.4,31.5,24.3,3.6,Vegetative Growth,187.3,,,,,,,,,,,,,,,,,,
Orissa,"Mayurbhanj, Bolangir, Dhenkanal",Paddy (Kharif),Daya HYV,100-135,"Clay Loam, Red Sandy Loam, Laterite",11,94.1,31.3,24.4,4.6,Vegetative Growth,187.3,,,,,,,,,,,,,,,,,,
Orissa,"Mayurbhanj, Bolangir, Dhenkanal",Paddy (Kharif),Daya HYV,100-135,"Clay Loam, Red Sandy Loam, Laterite",12,,31.6,23.9,4,Flowering,140.2,,,,,,,,,,,,,,,,,,
Orissa,"Mayurbhanj, Bolangir, Dhenkanal",Paddy (Kharif),Daya HYV,100-135,"Clay Loam, Red Sandy Loam, Laterite",13,69.5,31.4,24.3,4.7,Flowering,140.2,,,,,,,,,,,,,,,,,,
Orissa,"Mayurbhanj, Bolangir, Dhenkanal",Paddy (Kharif),Daya HYV,100-135,"Clay Loam, Red Sandy Loam, Laterite",14,60.6,31.7,24.4,6.8,Flowering,140.2,,,,,,,,,,,,,,,,,,
Orissa,"Mayurbhanj, Bolangir, Dhenkanal",Paddy (Kharif),Daya HYV,100-135,"Clay Loam, Red Sandy Loam, Laterite",15,69.5,32.2,23.8,6.6,Grain Formation,115.5,,,,,,,,,,,,,,,,,,
Orissa,"Mayurbhanj, Bolangir, Dhenkanal",Paddy (Kharif),Daya HYV,100-135,"Clay Loam, Red Sandy Loam, Laterite",16,36.5,32.1,23.9,7.3,Grain Formation,115.5,,,,,,,,,,,,,,,,,,
Orissa,"Mayurbhanj, Bolangir, Dhenkanal",Paddy (Kharif),Daya HYV,100-135,"Clay Loam, Red Sandy Loam, Laterite",17,71.5,31,23.8,8.3,Grain Formation,115.5,,,,,,,,,,,,,,,,,,
Orissa,"Mayurbhanj, Bolangir, Dhenkanal",Paddy (Kharif),Daya HYV,100-135,"Clay Loam, Red Sandy Loam, Laterite",18,36.3,32,23.4,,Grain Formation,115.5,,,,,,,,,,,,,,,,,,
Orissa,"Mayurbhanj, Bolangir, Dhenkanal",Paddy (Kharif),Daya HYV,100-135,"Clay Loam, Red Sandy Loam, Laterite",19,15.2,32.5,21.9,,Harvesting,77.7,,,,,,,,,,,,,,,,,,
Orissa,"Mayurbhanj, Bolangir, Dhenkanal",Paddy (Kharif),Daya HYV,100-135,"Clay Loam, Red Sandy Loam, Laterite",20,26.2,32,21.7,,Harvesting,77.7,,,,,,,,,,,,,,,,,,
Orissa,"Mayurbhanj, Bolangir, Dhenkanal",Paddy (Kharif),Daya HYV,100-135,"Clay Loam, Red Sandy Loam, Laterite",21,40.5,30.3,18.8,9.2,Harvesting,77.7,,,,,,,,,,,,,,,,,,
Orissa,"Mayurbhanj, Bolangir, Dhenkanal",Paddy (Kharif),Daya HYV,100-135,"Clay Loam, Red Sandy Loam, Laterite",22,9.8,31,19.5,9.4,Harvesting,77.7,,,,,,,,,,,,,,,,,,
Orissa,"Mayurbhanj, Bolangir, Dhenkanal",Paddy (Kharif),Daya HYV,100-135,"Clay Loam, Red Sandy Loam, Laterite",23,10,31.9,20.5,9,Harvesting,77.7,,,,,,,,,,,,,,,,,,
Orissa,Ganjam,Paddy (Kharif),"Early Parijat, Medium IR-36, Late CR-1009",110-155,"Alluvial, Clay Loam",1,27,33.2,27.5,,Sowing,131.7,127.7272727,38.40909091,34.45454545,27.13636364,98.59090909,57.31818182,43.40909091,16.81818182,5.318181818,21.5,38.18181818,31.13636364,60.86363636,0.954545455,1.181818182,2.090909091,124.1387221,126
Orissa,Ganjam,Paddy (Kharif),"Early Parijat, Medium IR-36, Late CR-1009",110-155,"Alluvial, Clay Loam",2,29,33.2,27.1,,Sowing,131.7,127.7272727,38.40909091,34.45454545,27.13636364,98.59090909,57.31818182,43.40909091,16.81818182,5.318181818,21.5,38.18181818,31.13636364,60.86363636,0.954545455,1.181818182,2.090909091,124.1387221,126
Orissa,Ganjam,Paddy (Kharif),"Early Parijat, Medium IR-36, Late CR-1009",110-155,"Alluvial, Clay Loam",3,64,32.9,26.8,4.8,Transplanting,131.7,127.7272727,38.40909091,34.45454545,27.13636364,98.59090909,57.31818182,43.40909091,16.81818182,5.318181818,21.5,38.18181818,31.13636364,60.86363636,0.954545455,1.181818182,2.090909091,124.1387221,126
Orissa,Ganjam,Paddy (Kharif),"Early Parijat, Medium IR-36, Late CR-1009",110-155,"Alluvial, Clay Loam",4,10.2,32.3,26.5,4,Vegetative Growth,223,127.7272727,38.40909091,34.45454545,27.13636364,98.59090909,57.31818182,43.40909091,16.81818182,5.318181818,21.5,38.18181818,31.13636364,60.86363636,0.954545455,1.181818182,2.090909091,124.1387221,126
Orissa,Ganjam,Paddy (Kharif),"Early Parijat, Medium IR-36, Late CR-1009",110-155,"Alluvial, Clay Loam",5,19.5,31.8,26.2,3.4,Vegetative Growth,223,127.7272727,38.40909091,34.45454545,27.13636364,98.59090909,57.31818182,43.40909091,16.81818182,5.318181818,21.5,38.18181818,31.13636364,60.86363636,0.954545455,1.181818182,2.090909091,124.1387221,126
Orissa,Ganjam,Paddy (Kharif),"Early Parijat, Medium IR-36, Late CR-1009",110-155,"Alluvial, Clay Loam",6,12.6,31.5,26.1,3.4,Vegetative Growth,223,127.7272727,38.40909091,34.45454545,27.13636364,98.59090909,57.31818182,43.40909091,16.81818182,5.318181818,21.5,38.18181818,31.13636364,60.86363636,0.954545455,1.181818182,2.090909091,124.1387221,126
Orissa,Ganjam,Paddy (Kharif),"Early Parijat, Medium IR-36, Late CR-1009",110-155,"Alluvial, Clay Loam",7,13.9,31.1,25.7,4.2,Vegetative Growth,223,127.7272727,38.40909091,34.45454545,27.13636364,98.59090909,57.31818182,43.40909091,16.81818182,5.318181818,21.5,38.18181818,31.13636364,60.86363636,0.954545455,1.181818182,2.090909091,124.1387221,126
Orissa,Ganjam,Paddy (Kharif),"Early Parijat, Medium IR-36, Late CR-1009",110-155,"Alluvial, Clay Loam",8,55,31.2,25.8,3,Vegetative Growth,223,127.7272727,38.40909091,34.45454545,27.13636364,98.59090909,57.31818182,43.40909091,16.81818182,5.318181818,21.5,38.18181818,31.13636364,60.86363636,0.954545455,1.181818182,2.090909091,124.1387221,126
Orissa,Ganjam,Paddy (Kharif),"Early Parijat, Medium IR-36, Late CR-1009",110-155,"Alluvial, Clay Loam",9,31,31.6,25.9,3.5,Vegetative Growth,223,127.7272727,38.40909091,34.45454545,27.13636364,98.59090909,57.31818182,43.40909091,16.81818182,5.318181818,21.5,38.18181818,31.13636364,60.86363636,0.954545455,1.181818182,2.090909091,124.1387221,126
Orissa,Ganjam,Paddy (Kharif),"Early Parijat, Medium IR-36, Late CR-1009",110-155,"Alluvial, Clay Loam",10,36.8,31.4,25.6,,Vegetative Growth,223,127.7272727,38.40909091,34.45454545,27.13636364,98.59090909,57.31818182,43.40909091,16.81818182,5.318181818,21.5,38.18181818,31.13636364,60.86363636,0.954545455,1.181818182,2.090909091,124.1387221,126
Orissa,Ganjam,Paddy (Kharif),"Early Parijat, Medium IR-36, Late CR-1009",110-155,"Alluvial, Clay Loam",11,24.2,31.4,25.8,,Vegetative Growth,223,127.7272727,38.40909091,34.45454545,27.13636364,98.59090909,57.31818182,43.40909091,16.81818182,5.318181818,21.5,38.18181818,31.13636364,60.86363636,0.954545455,1.181818182,2.090909091,124.1387221,126
Orissa,Ganjam,Paddy (Kharif),"Early Parijat, Medium IR-36, Late CR-1009",110-155,"Alluvial, Clay Loam",12,41.4,31.4,25.9,,Flowering,176.9,127.7272727,38.40909091,34.45454545,27.13636364,98.59090909,57.31818182,43.40909091,16.81818182,5.318181818,21.5,38.18181818,31.13636364,60.86363636,0.954545455,1.181818182,2.090909091,124.1387221,126
Orissa,Ganjam,Paddy (Kharif),"Early Parijat, Medium IR-36, Late CR-1009",110-155,"Alluvial, Clay Loam",13,44.3,32,26,,Flowering,176.9,127.7272727,38.40909091,34.45454545,27.13636364,98.59090909,57.31818182,43.40909091,16.81818182,5.318181818,21.5,38.18181818,31.13636364,60.86363636,0.954545455,1.181818182,2.090909091,124.1387221,126
Orissa,Ganjam,Paddy (Kharif),"Early Parijat, Medium IR-36, Late CR-1009",110-155,"Alluvial, Clay Loam",14,40.4,31.5,25.7,,Flowering,176.9,127.7272727,38.40909091,34.45454545,27.13636364,98.59090909,57.31818182,43.40909091,16.81818182,5.318181818,21.5,38.18181818,31.13636364,60.86363636,0.954545455,1.181818182,2.090909091,124.1387221,126
Orissa,Ganjam,Paddy (Kharif),"Early Parijat, Medium IR-36, Late CR-1009",110-155,"Alluvial, Clay Loam",15,50.7,31.9,25.8,,Flowering,176.9,127.7272727,38.40909091,34.45454545,27.13636364,98.59090909,57.31818182,43.40909091,16.81818182,5.318181818,21.5,38.18181818,31.13636364,60.86363636,0.954545455,1.181818182,2.090909091,124.1387221,126
Orissa,Ganjam,Paddy (Kharif),"Early Parijat, Medium IR-36, Late CR-1009",110-155,"Alluvial, Clay Loam",16,46.1,32.1,25.7,5.4,Grain Formation,113.7,127.7272727,38.40909091,34.45454545,27.13636364,98.59090909,57.31818182,43.40909091,16.81818182,5.318181818,21.5,38.18181818,31.13636364,60.86363636,0.954545455,1.181818182,2.090909091,124.1387221,126
Orissa,Ganjam,Paddy (Kharif),"Early Parijat, Medium IR-36, Late CR-1009",110-155,"Alluvial, Clay Loam",17,46.2,32.3,25.6,4.5,Grain Formation,113.7,127.7272727,38.40909091,34.45454545,27.13636364,98.59090909,57.31818182,43.40909091,16.81818182,5.318181818,21.5,38.18181818,31.13636364,60.86363636,0.954545455,1.181818182,2.090909091,124.1387221,126
Orissa,Ganjam,Paddy (Kharif),"Early Parijat, Medium IR-36, Late CR-1009",110-155,"Alluvial, Clay Loam",18,39.1,32.4,25.5,,Grain Formation,113.7,127.7272727,38.40909091,34.45454545,27.13636364,98.59090909,57.31818182,43.40909091,16.81818182,5.318181818,21.5,38.18181818,31.13636364,60.86363636,0.954545455,1.181818182,2.090909091,124.1387221,126
Orissa,Ganjam,Paddy (Kharif),"Early Parijat, Medium IR-36, Late CR-1009",110-155,"Alluvial, Clay Loam",19,42.4,32.2,25.4,,Grain Formation,113.7,127.7272727,38.40909091,34.45454545,27.13636364,98.59090909,57.31818182,43.40909091,16.81818182,5.318181818,21.5,38.18181818,31.13636364,60.86363636,0.954545455,1.181818182,2.090909091,124.1387221,126
Orissa,Ganjam,Paddy (Kharif),"Early Parijat, Medium IR-36, Late CR-1009",110-155,"Alluvial, Clay Loam",20,39,32.1,24.4,6.8,Harvesting,55.1,127.7272727,38.40909091,34.45454545,27.13636364,98.59090909,57.31818182,43.40909091,16.81818182,5.318181818,21.5,38.18181818,31.13636364,60.86363636,0.954545455,1.181818182,2.090909091,124.1387221,126
Orissa,Ganjam,Paddy (Kharif),"Early Parijat, Medium IR-36, Late CR-1009",110-155,"Alluvial, Clay Loam",21,38.6,31.8,23.4,7,Harvesting,55.1,127.7272727,38.40909091,34.45454545,27.13636364,98.59090909,57.31818182,43.40909091,16.81818182,5.318181818,21.5,38.18181818,31.13636364,60.86363636,0.954545455,1.181818182,2.090909091,124.1387221,126
Orissa,Ganjam,Paddy (Kharif),"Early Parijat, Medium IR-36, Late CR-1009",110-155,"Alluvial, Clay Loam",22,59.8,31.8,22.5,7.3,Harvesting,55.1,127.7272727,38.40909091,34.45454545,27.13636364,98.59090909,57.31818182,43.40909091,16.81818182,5.318181818,21.5,38.18181818,31.13636364,60.86363636,0.954545455,1.181818182,2.090909091,124.1387221,126
Orissa,Ganjam,Paddy (Kharif),"Early Parijat, Medium IR-36, Late CR-1009",110-155,"Alluvial, Clay Loam",23,39.3,31.1,21.9,8.2,Harvesting,55.1,127.7272727,38.40909091,34.45454545,27.13636364,98.59090909,57.31818182,43.40909091,16.81818182,5.318181818,21.5,38.18181818,31.13636364,60.86363636,0.954545455,1.181818182,2.090909091,124.1387221,126
Orissa,Ganjam,Paddy (Kharif),"Early Parijat, Medium IR-36, Late CR-1009",110-155,"Alluvial, Clay Loam",24,89.3,30.5,20.9,,Harvesting,55.1,127.7272727,38.40909091,34.45454545,27.13636364,98.59090909,57.31818182,43.40909091,16.81818182,5.318181818,21.5,38.18181818,31.13636364,60.86363636,0.954545455,1.181818182,2.090909091,124.1387221,126
Orissa,Ganjam,Paddy (Kharif),"Early Parijat, Medium IR-36, Late CR-1009",110-155,"Alluvial, Clay Loam",25,38.9,30.6,20,,Harvesting,55.1,127.7272727,38.40909091,34.45454545,27.13636364,98.59090909,57.31818182,43.40909091,16.81818182,5.318181818,21.5,38.18181818,31.13636364,60.86363636,0.954545455,1.181818182,2.090909091,124.1387221,126
Orissa,Ganjam,Paddy (Kharif),"Early Parijat, Medium IR-36, Late CR-1009",110-155,"Alluvial, Clay Loam",26,50.4,29.7,18.8,,Harvesting,55.1,127.7272727,38.40909091,34.45454545,27.13636364,98.59090909,57.31818182,43.40909091,16.81818182,5.318181818,21.5,38.18181818,31.13636364,60.86363636,0.954545455,1.181818182,2.090909091,124.1387221,126
Orissa,Ganjam,Paddy (Kharif),"Early Parijat, Medium IR-36, Late CR-1009",110-155,"Alluvial, Clay Loam",27,12.6,28.9,17.9,,Harvesting,55.1,127.7272727,38.40909091,34.45454545,27.13636364,98.59090909,57.31818182,43.40909091,16.81818182,5.318181818,21.5,38.18181818,31.13636364,60.86363636,0.954545455,1.181818182,2.090909091,124.1387221,126
Orissa,Ganjam,Paddy (Kharif),"Early Parijat, Medium IR-36, Late CR-1009",110-155,"Alluvial, Clay Loam",28,58.8,28.5,17.2,,Harvesting,55.1,127.7272727,38.40909091,34.45454545,27.13636364,98.59090909,57.31818182,43.40909091,16.81818182,5.318181818,21.5,38.18181818,31.13636364,60.86363636,0.954545455,1.181818182,2.090909091,124.1387221,126
Orissa,Ganjam,Paddy (Kharif),"Early Parijat, Medium IR-36, Late CR-1009",110-155,"Alluvial, Clay Loam",29,39.8,27.9,16.8,,Harvesting,55.1,127.7272727,38.40909091,34.45454545,27.13636364,98.59090909,57.31818182,43.40909091,16.81818182,5.318181818,21.5,38.18181818,31.13636364,60.86363636,0.954545455,1.181818182,2.090909091,124.1387221,126
Orissa,Ganjam,Paddy (Kharif),"Early Parijat, Medium IR-36, Late CR-1009",110-155,"Alluvial, Clay Loam",30,9,27.9,16.2,,Harvesting,55.1,127.7272727,38.40909091,34.45454545,27.13636364,98.59090909,57.31818182,43.40909091,16.81818182,5.318181818,21.5,38.18181818,31.13636364,60.86363636,0.954545455,1.181818182,2.090909091,124.1387221,126
Orissa,Ganjam,Paddy (Kharif),"Early Parijat, Medium IR-36, Late CR-1009",110-155,"Alluvial, Clay Loam",31,14.1,24.2,13.9,,Harvesting,55.1,127.7272727,38.40909091,34.45454545,27.13636364,98.59090909,57.31818182,43.40909091,16.81818182,5.318181818,21.5,38.18181818,31.13636364,60.86363636,0.954545455,1.181818182,2.090909091,124.1387221,126
Orissa,Sundargarh,Paddy (Kharif),Local/HYV,100-135,Sandy Loam,1,33.6,39.7,26.9,,Sowing,102.4,133.125,94.5,0.75,4.5625,98.125,51.125,69.375,17.0625,14.75,35.25,47.25,43.75,87.875,7.375,3.5625,1.125,105.4604953,126
Orissa,Sundargarh,Paddy (Kharif),Local/HYV,100-135,Sandy Loam,2,37,34.9,23.2,,Sowing,102.4,133.125,94.5,0.75,4.5625,98.125,51.125,69.375,17.0625,14.75,35.25,47.25,43.75,87.875,7.375,3.5625,1.125,105.4604953,126
Orissa,Sundargarh,Paddy (Kharif),Local/HYV,100-135,Sandy Loam,3,100,33.2,21.4,6.5,Sowing,102.4,133.125,94.5,0.75,4.5625,98.125,51.125,69.375,17.0625,14.75,35.25,47.25,43.75,87.875,7.375,3.5625,1.125,105.4604953,126
Orissa,Sundargarh,Paddy (Kharif),Local/HYV,100-135,Sandy Loam,4,38,32.9,25.2,,Transplanting,102.4,133.125,94.5,0.75,4.5625,98.125,51.125,69.375,17.0625,14.75,35.25,47.25,43.75,87.875,7.375,3.5625,1.125,105.4604953,126
Orissa,Sundargarh,Paddy (Kharif),Local/HYV,100-135,Sandy Loam,5,17.1,32.6,24.7,4.7,Vegetative Growth,229.8,133.125,94.5,0.75,4.5625,98.125,51.125,69.375,17.0625,14.75,35.25,47.25,43.75,87.875,7.375,3.5625,1.125,105.4604953,126
Orissa,Sundargarh,Paddy (Kharif),Local/HYV,100-135,Sandy Loam,6,85.9,31.7,23.3,3.3,Vegetative Growth,229.8,133.125,94.5,0.75,4.5625,98.125,51.125,69.375,17.0625,14.75,35.25,47.25,43.75,87.875,7.375,3.5625,1.125,105.4604953,126
Orissa,Sundargarh,Paddy (Kharif),Local/HYV,100-135,Sandy Loam,7,82.1,32.3,24.2,,Vegetative Growth,229.8,133.125,94.5,0.75,4.5625,98.125,51.125,69.375,17.0625,14.75,35.25,47.25,43.75,87.875,7.375,3.5625,1.125,105.4604953,126
Orissa,Sundargarh,Paddy (Kharif),Local/HYV,100-135,Sandy Loam,8,97.2,31.7,24.1,,Vegetative Growth,229.8,133.125,94.5,0.75,4.5625,98.125,51.125,69.375,17.0625,14.75,35.25,47.25,43.75,87.875,7.375,3.5625,1.125,105.4604953,126
Orissa,Sundargarh,Paddy (Kharif),Local/HYV,100-135,Sandy Loam,9,110.2,29.3,21.2,4.2,Vegetative Growth,229.8,133.125,94.5,0.75,4.5625,98.125,51.125,69.375,17.0625,14.75,35.25,47.25,43.75,87.875,7.375,3.5625,1.125,105.4604953,126
Orissa,Sundargarh,Paddy (Kharif),Local/HYV,100-135,Sandy Loam,10,32.3,31.2,22.7,5.2,Vegetative Growth,229.8,133.125,94.5,0.75,4.5625,98.125,51.125,69.375,17.0625,14.75,35.25,47.25,43.75,87.875,7.375,3.5625,1.125,105.4604953,126
Orissa,Sundargarh,Paddy (Kharif),Local/HYV,100-135,Sandy Loam,11,18.2,31.1,22.3,5.3,Vegetative Growth,229.8,133.125,94.5,0.75,4.5625,98.125,51.125,69.375,17.0625,14.75,35.25,47.25,43.75,87.875,7.375,3.5625,1.125,105.4604953,126
Orissa,Sundargarh,Paddy (Kharif),Local/HYV,100-135,Sandy Loam,12,91,32,22.4,4.5,Flowering,172.9,133.125,94.5,0.75,4.5625,98.125,51.125,69.375,17.0625,14.75,35.25,47.25,43.75,87.875,7.375,3.5625,1.125,105.4604953,126
Orissa,Sundargarh,Paddy (Kharif),Local/HYV,100-135,Sandy Loam,13,61.4,31,22,5.5,Flowering,172.9,133.125,94.5,0.75,4.5625,98.125,51.125,69.375,17.0625,14.75,35.25,47.25,43.75,87.875,7.375,3.5625,1.125,105.4604953,126
Orissa,Sundargarh,Paddy (Kharif),Local/HYV,100-135,Sandy Loam,14,61.4,31.7,21.4,5.7,Flowering,172.9,133.125,94.5,0.75,4.5625,98.125,51.125,69.375,17.0625,14.75,35.25,47.25,43.75,87.875,7.375,3.5625,1.125,105.4604953,126
Orissa,Sundargarh,Paddy (Kharif),Local/HYV,100-135,Sandy Loam,15,41.2,33.2,22.4,7.5,Grain Formation,89.6,133.125,94.5,0.75,4.5625,98.125,51.125,69.375,17.0625,14.75,35.25,47.25,43.75,87.875,7.375,3.5625,1.125,105.4604953,126
Orissa,Sundargarh,Paddy (Kharif),Local/HYV,100-135,Sandy Loam,16,,,,,Grain Formation,89.6,133.125,94.5,0.75,4.5625,98.125,51.125,69.375,17.0625,14.75,35.25,47.25,43.75,87.875,7.375,3.5625,1.125,105.4604953,126
Orissa,Sundargarh,Paddy (Kharif),Local/HYV,100-135,Sandy Loam,17,,,,,Grain Formation,89.6,133.125,94.5,0.75,4.5625,98.125,51.125,69.375,17.0625,14.75,35.25,47.25,43.75,87.875,7.375,3.5625,1.125,105.4604953,126
Orissa,Sundargarh,Paddy (Kharif),Local/HYV,100-135,Sandy Loam,18,2,32.9,23.1,,Harvesting,52.3,133.125,94.5,0.75,4.5625,98.125,51.125,69.375,17.0625,14.75,35.25,47.25,43.75,87.875,7.375,3.5625,1.125,105.4604953,126
Orissa,Sundargarh,Paddy (Kharif),Local/HYV,100-135,Sandy Loam,19,40.2,34,22.8,,Harvesting,52.3,133.125,94.5,0.75,4.5625,98.125,51.125,69.375,17.0625,14.75,35.25,47.25,43.75,87.875,7.375,3.5625,1.125,105.4604953,126
Orissa,Sundargarh,Paddy (Kharif),Local/HYV,100-135,Sandy Loam,20,39.2,33.8,22.7,9.3,Harvesting,52.3,133.125,94.5,0.75,4.5625,98.125,51.125,69.375,17.0625,14.75,35.25,47.25,43.75,87.875,7.375,3.5625,1.125,105.4604953,126
Orissa,Sundargarh,Paddy (Kharif),Local/HYV,100-135,Sandy Loam,21,42.7,33.7,19.3,8.5,Harvesting,52.3,133.125,94.5,0.75,4.5625,98.125,51.125,69.375,17.0625,14.75,35.25,47.25,43.75,87.875,7.375,3.5625,1.125,105.4604953,126
Orissa,Sundargarh,Paddy (Kharif),Local/HYV,100-135,Sandy Loam,22,,32.3,17.8,,Harvesting,52.3,133.125,94.5,0.75,4.5625,98.125,51.125,69.375,17.0625,14.75,35.25,47.25,43.75,87.875,7.375,3.5625,1.125,105.4604953,126
Orissa,Sundargarh,Paddy (Kharif),Local/HYV,100-135,Sandy Loam,23,,31.9,18,,Harvesting,52.3,133.125,94.5,0.75,4.5625,98.125,51.125,69.375,17.0625,14.75,35.25,47.25,43.75,87.875,7.375,3.5625,1.125,105.4604953,126
Orissa,"Kalahandi, Sambalpur",Paddy (Kharif),"Swarna, IET, MTU 7029",110-155,"Sandy Loam, Clay, Black",1,4.3,41.6,27.5,8.4,Sowing,129.5,,,,,,,,,,,,,,,,,,
Orissa,"Kalahandi, Sambalpur",Paddy (Kharif),"Swarna, IET, MTU 7029",110-155,"Sandy Loam, Clay, Black",2,12,41.2,27.6,,Sowing,129.5,,,,,,,,,,,,,,,,,,
Orissa,"Kalahandi, Sambalpur",Paddy (Kharif),"Swarna, IET, MTU 7029",110-155,"Sandy Loam, Clay, Black",3,23,39.2,27.1,6.7,Sowing,129.5,,,,,,,,,,,,,,,,,,
Orissa,"Kalahandi, Sambalpur",Paddy (Kharif),"Swarna, IET, MTU 7029",110-155,"Sandy Loam, Clay, Black",4,37.9,37.3,26.1,5.4,Transplanting,129.5,,,,,,,,,,,,,,,,,,
Orissa,"Kalahandi, Sambalpur",Paddy (Kharif),"Swarna, IET, MTU 7029",110-155,"Sandy Loam, Clay, Black",5,79.2,35,26.4,4.3,Vegetative Growth,227.4,,,,,,,,,,,,,,,,,,
Orissa,"Kalahandi, Sambalpur",Paddy (Kharif),"Swarna, IET, MTU 7029",110-155,"Sandy Loam, Clay, Black",6,76.3,32.3,25,3.2,Vegetative Growth,227.4,,,,,,,,,,,,,,,,,,
Orissa,"Kalahandi, Sambalpur",Paddy (Kharif),"Swarna, IET, MTU 7029",110-155,"Sandy Loam, Clay, Black",7,87.7,31.5,24.5,3,Vegetative Growth,227.4,,,,,,,,,,,,,,,,,,
Orissa,"Kalahandi, Sambalpur",Paddy (Kharif),"Swarna, IET, MTU 7029",110-155,"Sandy Loam, Clay, Black",8,77.6,31.1,24.6,3.4,Vegetative Growth,227.4,,,,,,,,,,,,,,,,,,
Orissa,"Kalahandi, Sambalpur",Paddy (Kharif),"Swarna, IET, MTU 7029",110-155,"Sandy Loam, Clay, Black",9,81.2,31.1,24.5,3,Vegetative Growth,227.4,,,,,,,,,,,,,,,,,,
Orissa,"Kalahandi, Sambalpur",Paddy (Kharif),"Swarna, IET, MTU 7029",110-155,"Sandy Loam, Clay, Black",10,71.8,31.2,24.6,4.3,Vegetative Growth,227.4,,,,,,,,,,,,,,,,,,
Orissa,"Kalahandi, Sambalpur",Paddy (Kharif),"Swarna, IET, MTU 7029",110-155,"Sandy Loam, Clay, Black",11,96.6,31.1,24.6,3.8,Vegetative Growth,227.4,,,,,,,,,,,,,,,,,,
Orissa,"Kalahandi, Sambalpur",Paddy (Kharif),"Swarna, IET, MTU 7029",110-155,"Sandy Loam, Clay, Black",12,101.2,30.8,24.4,,Vegetative Growth,227.4,,,,,,,,,,,,,,,,,,
Orissa,"Kalahandi, Sambalpur",Paddy (Kharif),"Swarna, IET, MTU 7029",110-155,"Sandy Loam, Clay, Black",13,97.1,31,24.4,,Flowering,177.4,,,,,,,,,,,,,,,,,,
Orissa,"Kalahandi, Sambalpur",Paddy (Kharif),"Swarna, IET, MTU 7029",110-155,"Sandy Loam, Clay, Black",14,77,31.2,24.5,5.4,Flowering,177.4,,,,,,,,,,,,,,,,,,
Orissa,"Kalahandi, Sambalpur",Paddy (Kharif),"Swarna, IET, MTU 7029",110-155,"Sandy Loam, Clay, Black",15,72.6,31,24.7,3.6,Flowering,177.4,,,,,,,,,,,,,,,,,,
Orissa,"Kalahandi, Sambalpur",Paddy (Kharif),"Swarna, IET, MTU 7029",110-155,"Sandy Loam, Clay, Black",16,77.2,31.3,24,4.5,Flowering,177.4,,,,,,,,,,,,,,,,,,
Orissa,"Kalahandi, Sambalpur",Paddy (Kharif),"Swarna, IET, MTU 7029",110-155,"Sandy Loam, Clay, Black",17,62.3,31.5,24.1,5.3,Grain Formation,75.2,,,,,,,,,,,,,,,,,,
Orissa,"Kalahandi, Sambalpur",Paddy (Kharif),"Swarna, IET, MTU 7029",110-155,"Sandy Loam, Clay, Black",18,41.3,32.3,24.2,6,Grain Formation,75.2,,,,,,,,,,,,,,,,,,
Orissa,"Kalahandi, Sambalpur",Paddy (Kharif),"Swarna, IET, MTU 7029",110-155,"Sandy Loam, Clay, Black",19,32.8,32.4,24.3,6.4,Grain Formation,75.2,,,,,,,,,,,,,,,,,,
Orissa,"Kalahandi, Sambalpur",Paddy (Kharif),"Swarna, IET, MTU 7029",110-155,"Sandy Loam, Clay, Black",20,24.2,32.2,25,7.4,Grain Formation,75.2,,,,,,,,,,,,,,,,,,
Orissa,"Kalahandi, Sambalpur",Paddy (Kharif),"Swarna, IET, MTU 7029",110-155,"Sandy Loam, Clay, Black",21,15,32.3,24.5,7.6,Harvesting,45.1,,,,,,,,,,,,,,,,,,
Orissa,"Kalahandi, Sambalpur",Paddy (Kharif),"Swarna, IET, MTU 7029",110-155,"Sandy Loam, Clay, Black",22,11.6,31.9,22.4,8.2,Harvesting,45.1,,,,,,,,,,,,,,,,,,
Orissa,"Kalahandi, Sambalpur",Paddy (Kharif),"Swarna, IET, MTU 7029",110-155,"Sandy Loam, Clay, Black",23,6.5,31.5,20.1,5.1,Harvesting,45.1,,,,,,,,,,,,,,,,,,
Orissa,"Kalahandi, Sambalpur",Paddy (Kharif),"Swarna, IET, MTU 7029",110-155,"Sandy Loam, Clay, Black",24,4.6,30.7,19,8.7,Harvesting,45.1,,,,,,,,,,,,,,,,,,
Orissa,"Kalahandi, Sambalpur",Paddy (Kharif),"Swarna, IET, MTU 7029",110-155,"Sandy Loam, Clay, Black",25,0.3,30.4,19.1,9.1,Harvesting,45.1,,,,,,,,,,,,,,,,,,
Orissa,"Kalahandi, Sambalpur",Paddy (Kharif),"Swarna, IET, MTU 7029",110-155,"Sandy Loam, Clay, Black",26,0.3,30.1,17.6,,Harvesting,45.1,,,,,,,,,,,,,,,,,,
Orissa,"Kalahandi, Sambalpur",Paddy (Kharif),"Swarna, IET, MTU 7029",110-155,"Sandy Loam, Clay, Black",27,2.1,29.3,16.6,,Harvesting,45.1,,,,,,,,,,,,,,,,,,
Orissa,"Kalahandi, Sambalpur",Paddy (Kharif),"Swarna, IET, MTU 7029",110-155,"Sandy Loam, Clay, Black",28,2.4,28.6,15.7,,Harvesting,45.1,,,,,,,,,,,,,,,,,,
Orissa,"Kalahandi, Sambalpur",Paddy (Kharif),"Swarna, IET, MTU 7029",110-155,"Sandy Loam, Clay, Black",29,0.3,27.9,14.7,,Harvesting,45.1,,,,,,,,,,,,,,,,,,
Orissa,"Kalahandi, Sambalpur",Paddy (Kharif),"Swarna, IET, MTU 7029",110-155,"Sandy Loam, Clay, Black",30,,27.5,13.1,,Harvesting,45.1,,,,,,,,,,,,,,,,,,
Orissa,"Kalahandi, Sambalpur",Paddy (Kharif),"Swarna, IET, MTU 7029",110-155,"Sandy Loam, Clay, Black",31,,27.5,13,,Harvesting,45.1,,,,,,,,,,,,,,,,,,
Orissa,Keonjargarh,Paddy (Kharif),"Savin (Local), Annapurna, Daya HYV",130-155,Sandy Loam,1,25.7,37.2,24,,Sowing,144.5,,,,,,,,,,,,,,,,,,
Orissa,Keonjargarh,Paddy (Kharif),"Savin (Local), Annapurna, Daya HYV",130-155,Sandy Loam,2,23,37.4,24.5,,Sowing,144.5,,,,,,,,,,,,,,,,,,
Orissa,Keonjargarh,Paddy (Kharif),"Savin (Local), Annapurna, Daya HYV",130-155,Sandy Loam,3,32.2,37.8,24.4,,Sowing,144.5,,,,,,,,,,,,,,,,,,
Orissa,Keonjargarh,Paddy (Kharif),"Savin (Local), Annapurna, Daya HYV",130-155,Sandy Loam,4,34.4,36.5,24.3,,Sowing,144.5,,,,,,,,,,,,,,,,,,
Orissa,Keonjargarh,Paddy (Kharif),"Savin (Local), Annapurna, Daya HYV",130-155,Sandy Loam,5,47,34.4,24,,Transplanting,144.5,,,,,,,,,,,,,,,,,,
Orissa,Keonjargarh,Paddy (Kharif),"Savin (Local), Annapurna, Daya HYV",130-155,Sandy Loam,6,72.1,33,24.1,,Transplanting,144.5,,,,,,,,,,,,,,,,,,
Orissa,Keonjargarh,Paddy (Kharif),"Savin (Local), Annapurna, Daya HYV",130-155,Sandy Loam,7,68.2,31.4,23.6,5.6,Vegetative Growth,228.2,,,,,,,,,,,,,,,,,,
Orissa,Keonjargarh,Paddy (Kharif),"Savin (Local), Annapurna, Daya HYV",130-155,Sandy Loam,8,52.3,30.6,23.2,4.9,Vegetative Growth,228.2,,,,,,,,,,,,,,,,,,
Orissa,Keonjargarh,Paddy (Kharif),"Savin (Local), Annapurna, Daya HYV",130-155,Sandy Loam,9,72.4,30.2,23.3,4.1,Vegetative Growth,228.2,,,,,,,,,,,,,,,,,,
Orissa,Keonjargarh,Paddy (Kharif),"Savin (Local), Annapurna, Daya HYV",130-155,Sandy Loam,10,83,29.7,23.4,4,Vegetative Growth,228.2,,,,,,,,,,,,,,,,,,
Orissa,Keonjargarh,Paddy (Kharif),"Savin (Local), Annapurna, Daya HYV",130-155,Sandy Loam,11,45.3,30.2,23.6,3.5,Vegetative Growth,228.2,,,,,,,,,,,,,,,,,,
Orissa,Keonjargarh,Paddy (Kharif),"Savin (Local), Annapurna, Daya HYV",130-155,Sandy Loam,12,93.5,30.1,23.3,4.5,Vegetative Growth,228.2,,,,,,,,,,,,,,,,,,
Orissa,Keonjargarh,Paddy (Kharif),"Savin (Local), Annapurna, Daya HYV",130-155,Sandy Loam,13,70.2,29.8,23.2,4,Vegetative Growth,228.2,,,,,,,,,,,,,,,,,,
Orissa,Keonjargarh,Paddy (Kharif),"Savin (Local), Annapurna, Daya HYV",130-155,Sandy Loam,14,101,29.9,23.3,5,Vegetative Growth,228.2,,,,,,,,,,,,,,,,,,
Orissa,Keonjargarh,Paddy (Kharif),"Savin (Local), Annapurna, Daya HYV",130-155,Sandy Loam,15,40.6,30.2,23.5,6,Flowering,172.8,,,,,,,,,,,,,,,,,,
Orissa,Keonjargarh,Paddy (Kharif),"Savin (Local), Annapurna, Daya HYV",130-155,Sandy Loam,16,74.1,29.6,23.2,5.5,Flowering,172.8,,,,,,,,,,,,,,,,,,
Orissa,Keonjargarh,Paddy (Kharif),"Savin (Local), Annapurna, Daya HYV",130-155,Sandy Loam,17,57.4,30,23.3,5.5,Flowering,172.8,,,,,,,,,,,,,,,,,,
Orissa,Keonjargarh,Paddy (Kharif),"Savin (Local), Annapurna, Daya HYV",130-155,Sandy Loam,18,57.4,30.5,22.8,6,Flowering,172.8,,,,,,,,,,,,,,,,,,
Orissa,Keonjargarh,Paddy (Kharif),"Savin (Local), Annapurna, Daya HYV",130-155,Sandy Loam,19,65.6,30.5,22.6,6,Grain Formation,110.9,,,,,,,,,,,,,,,,,,
Orissa,Keonjargarh,Paddy (Kharif),"Savin (Local), Annapurna, Daya HYV",130-155,Sandy Loam,20,42.8,30.6,22.8,6.9,Grain Formation,110.9,,,,,,,,,,,,,,,,,,
Orissa,Keonjargarh,Paddy (Kharif),"Savin (Local), Annapurna, Daya HYV",130-155,Sandy Loam,21,46.4,30.5,22.6,6.5,Grain Formation,110.9,,,,,,,,,,,,,,,,,,
Orissa,Keonjargarh,Paddy (Kharif),"Savin (Local), Annapurna, Daya HYV",130-155,Sandy Loam,22,37.9,30.6,21.4,7.2,Grain Formation,110.9,,,,,,,,,,,,,,,,,,
Orissa,Keonjargarh,Paddy (Kharif),"Savin (Local), Annapurna, Daya HYV",130-155,Sandy Loam,23,23.9,30.3,20.2,8.2,Harvesting,69,,,,,,,,,,,,,,,,,,
Orissa,Keonjargarh,Paddy (Kharif),"Savin (Local), Annapurna, Daya HYV",130-155,Sandy Loam,24,15.9,29.7,18.6,1.5,Harvesting,69,,,,,,,,,,,,,,,,,,
Orissa,Keonjargarh,Paddy (Kharif),"Savin (Local), Annapurna, Daya HYV",130-155,Sandy Loam,25,5.8,28,17.6,9.2,Harvesting,69,,,,,,,,,,,,,,,,,,
Orissa,Keonjargarh,Paddy (Kharif),"Savin (Local), Annapurna, Daya HYV",130-155,Sandy Loam,26,,28.3,16.7,9,Harvesting,69,,,,,,,,,,,,,,,,,,
Orissa,Puri,Paddy (Kharif),"Pathava, Heera, Parijat, IR-36",150-175,"Saline, Alluvial, Laterite",1,20.3,34.1,26.7,4.3,Sowing,145.4,129.0909091,95.45454545,0.818181818,3.727272727,99.63636364,46.36363636,29.27272727,37.45454545,11.36363636,16.09090909,50.72727273,30.09090909,64.72727273,0.090909091,4.363636364,8.090909091,131.3237564,126
Orissa,Puri,Paddy (Kharif),"Pathava, Heera, Parijat, IR-36",150-175,"Saline, Alluvial, Laterite",2,18.5,33.5,26.6,5.7,Sowing,145.4,129.0909091,95.45454545,0.818181818,3.727272727,99.63636364,46.36363636,29.27272727,37.45454545,11.36363636,16.09090909,50.72727273,30.09090909,64.72727273,0.090909091,4.363636364,8.090909091,131.3237564,126
Orissa,Puri,Paddy (Kharif),"Pathava, Heera, Parijat, IR-36",150-175,"Saline, Alluvial, Laterite",3,14,33.4,26.9,1.9,Sowing,145.4,129.0909091,95.45454545,0.818181818,3.727272727,99.63636364,46.36363636,29.27272727,37.45454545,11.36363636,16.09090909,50.72727273,30.09090909,64.72727273,0.090909091,4.363636364,8.090909091,131.3237564,126
Orissa,Puri,Paddy (Kharif),"Pathava, Heera, Parijat, IR-36",150-175,"Saline, Alluvial, Laterite",4,28.9,33.3,26.1,5,Sowing,145.4,129.0909091,95.45454545,0.818181818,3.727272727,99.63636364,46.36363636,29.27272727,37.45454545,11.36363636,16.09090909,50.72727273,30.09090909,64.72727273,0.090909091,4.363636364,8.090909091,131.3237564,126
Orissa,Puri,Paddy (Kharif),"Pathava, Heera, Parijat, IR-36",150-175,"Saline, Alluvial, Laterite",5,43.7,33.2,25.9,1.7,Transplanting,145.4,129.0909091,95.45454545,0.818181818,3.727272727,99.63636364,46.36363636,29.27272727,37.45454545,11.36363636,16.09090909,50.72727273,30.09090909,64.72727273,0.090909091,4.363636364,8.090909091,131.3237564,126
Orissa,Puri,Paddy (Kharif),"Pathava, Heera, Parijat, IR-36",150-175,"Saline, Alluvial, Laterite",6,80,33,27.1,8.5,Transplanting,145.4,129.0909091,95.45454545,0.818181818,3.727272727,99.63636364,46.36363636,29.27272727,37.45454545,11.36363636,16.09090909,50.72727273,30.09090909,64.72727273,0.090909091,4.363636364,8.090909091,131.3237564,126
Orissa,Puri,Paddy (Kharif),"Pathava, Heera, Parijat, IR-36",150-175,"Saline, Alluvial, Laterite",7,53,32.3,26.8,,Transplanting,145.4,129.0909091,95.45454545,0.818181818,3.727272727,99.63636364,46.36363636,29.27272727,37.45454545,11.36363636,16.09090909,50.72727273,30.09090909,64.72727273,0.090909091,4.363636364,8.090909091,131.3237564,126
Orissa,Puri,Paddy (Kharif),"Pathava, Heera, Parijat, IR-36",150-175,"Saline, Alluvial, Laterite",8,47.9,31.8,25.9,1.7,Vegetative Growth,272.6,129.0909091,95.45454545,0.818181818,3.727272727,99.63636364,46.36363636,29.27272727,37.45454545,11.36363636,16.09090909,50.72727273,30.09090909,64.72727273,0.090909091,4.363636364,8.090909091,131.3237564,126
Orissa,Puri,Paddy (Kharif),"Pathava, Heera, Parijat, IR-36",150-175,"Saline, Alluvial, Laterite",9,72.5,31.6,25.7,1.6,Vegetative Growth,272.6,129.0909091,95.45454545,0.818181818,3.727272727,99.63636364,46.36363636,29.27272727,37.45454545,11.36363636,16.09090909,50.72727273,30.09090909,64.72727273,0.090909091,4.363636364,8.090909091,131.3237564,126
Orissa,Puri,Paddy (Kharif),"Pathava, Heera, Parijat, IR-36",150-175,"Saline, Alluvial, Laterite",10,99.9,31.4,25.4,,Vegetative Growth,272.6,129.0909091,95.45454545,0.818181818,3.727272727,99.63636364,46.36363636,29.27272727,37.45454545,11.36363636,16.09090909,50.72727273,30.09090909,64.72727273,0.090909091,4.363636364,8.090909091,131.3237564,126
Orissa,Puri,Paddy (Kharif),"Pathava, Heera, Parijat, IR-36",150-175,"Saline, Alluvial, Laterite",11,76.9,31.4,25.8,4.5,Vegetative Growth,272.6,129.0909091,95.45454545,0.818181818,3.727272727,99.63636364,46.36363636,29.27272727,37.45454545,11.36363636,16.09090909,50.72727273,30.09090909,64.72727273,0.090909091,4.363636364,8.090909091,131.3237564,126
Orissa,Puri,Paddy (Kharif),"Pathava, Heera, Parijat, IR-36",150-175,"Saline, Alluvial, Laterite",12,94.5,31.6,25.7,3.1,Vegetative Growth,272.6,129.0909091,95.45454545,0.818181818,3.727272727,99.63636364,46.36363636,29.27272727,37.45454545,11.36363636,16.09090909,50.72727273,30.09090909,64.72727273,0.090909091,4.363636364,8.090909091,131.3237564,126
Orissa,Puri,Paddy (Kharif),"Pathava, Heera, Parijat, IR-36",150-175,"Saline, Alluvial, Laterite",13,91.9,31.7,25.8,4.9,Flowering,219.5,129.0909091,95.45454545,0.818181818,3.727272727,99.63636364,46.36363636,29.27272727,37.45454545,11.36363636,16.09090909,50.72727273,30.09090909,64.72727273,0.090909091,4.363636364,8.090909091,131.3237564,126
Orissa,Puri,Paddy (Kharif),"Pathava, Heera, Parijat, IR-36",150-175,"Saline, Alluvial, Laterite",14,87.1,31.7,25.7,4.3,Flowering,219.5,129.0909091,95.45454545,0.818181818,3.727272727,99.63636364,46.36363636,29.27272727,37.45454545,11.36363636,16.09090909,50.72727273,30.09090909,64.72727273,0.090909091,4.363636364,8.090909091,131.3237564,126
Orissa,Puri,Paddy (Kharif),"Pathava, Heera, Parijat, IR-36",150-175,"Saline, Alluvial, Laterite",15,71.7,31.6,25.6,3,Flowering,219.5,129.0909091,95.45454545,0.818181818,3.727272727,99.63636364,46.36363636,29.27272727,37.45454545,11.36363636,16.09090909,50.72727273,30.09090909,64.72727273,0.090909091,4.363636364,8.090909091,131.3237564,126
Orissa,Puri,Paddy (Kharif),"Pathava, Heera, Parijat, IR-36",150-175,"Saline, Alluvial, Laterite",16,71.7,32,25.3,4.3,Flowering,219.5,129.0909091,95.45454545,0.818181818,3.727272727,99.63636364,46.36363636,29.27272727,37.45454545,11.36363636,16.09090909,50.72727273,30.09090909,64.72727273,0.090909091,4.363636364,8.090909091,131.3237564,126
Orissa,Puri,Paddy (Kharif),"Pathava, Heera, Parijat, IR-36",150-175,"Saline, Alluvial, Laterite",17,66.7,32.2,25.8,5.3,Flowering,219.5,129.0909091,95.45454545,0.818181818,3.727272727,99.63636364,46.36363636,29.27272727,37.45454545,11.36363636,16.09090909,50.72727273,30.09090909,64.72727273,0.090909091,4.363636364,8.090909091,131.3237564,126
Orissa,Puri,Paddy (Kharif),"Pathava, Heera, Parijat, IR-36",150-175,"Saline, Alluvial, Laterite",18,55.9,32.5,24.4,,Flowering,219.5,129.0909091,95.45454545,0.818181818,3.727272727,99.63636364,46.36363636,29.27272727,37.45454545,11.36363636,16.09090909,50.72727273,30.09090909,64.72727273,0.090909091,4.363636364,8.090909091,131.3237564,126
Orissa,Puri,Paddy (Kharif),"Pathava, Heera, Parijat, IR-36",150-175,"Saline, Alluvial, Laterite",19,47.1,32.4,24.5,,Grain Formation,142.1,129.0909091,95.45454545,0.818181818,3.727272727,99.63636364,46.36363636,29.27272727,37.45454545,11.36363636,16.09090909,50.72727273,30.09090909,64.72727273,0.090909091,4.363636364,8.090909091,131.3237564,126
Orissa,Puri,Paddy (Kharif),"Pathava, Heera, Parijat, IR-36",150-175,"Saline, Alluvial, Laterite",20,47.7,32.5,25.4,7.2,Grain Formation,142.1,129.0909091,95.45454545,0.818181818,3.727272727,99.63636364,46.36363636,29.27272727,37.45454545,11.36363636,16.09090909,50.72727273,30.09090909,64.72727273,0.090909091,4.363636364,8.090909091,131.3237564,126
Orissa,Puri,Paddy (Kharif),"Pathava, Heera, Parijat, IR-36",150-175,"Saline, Alluvial, Laterite",21,55.7,32.4,24.5,5.7,Grain Formation,142.1,129.0909091,95.45454545,0.818181818,3.727272727,99.63636364,46.36363636,29.27272727,37.45454545,11.36363636,16.09090909,50.72727273,30.09090909,64.72727273,0.090909091,4.363636364,8.090909091,131.3237564,126
Orissa,Puri,Paddy (Kharif),"Pathava, Heera, Parijat, IR-36",150-175,"Saline, Alluvial, Laterite",22,31.7,32.1,23.8,7.9,Grain Formation,142.1,129.0909091,95.45454545,0.818181818,3.727272727,99.63636364,46.36363636,29.27272727,37.45454545,11.36363636,16.09090909,50.72727273,30.09090909,64.72727273,0.090909091,4.363636364,8.090909091,131.3237564,126
Orissa,Puri,Paddy (Kharif),"Pathava, Heera, Parijat, IR-36",150-175,"Saline, Alluvial, Laterite",23,32.8,31.9,22.7,7.7,Harvesting,74,129.0909091,95.45454545,0.818181818,3.727272727,99.63636364,46.36363636,29.27272727,37.45454545,11.36363636,16.09090909,50.72727273,30.09090909,64.72727273,0.090909091,4.363636364,8.090909091,131.3237564,126
Orissa,Puri,Paddy (Kharif),"Pathava, Heera, Parijat, IR-36",150-175,"Saline, Alluvial, Laterite",24,20,31.5,21.1,8.7,Harvesting,74,129.0909091,95.45454545,0.818181818,3.727272727,99.63636364,46.36363636,29.27272727,37.45454545,11.36363636,16.09090909,50.72727273,30.09090909,64.72727273,0.090909091,4.363636364,8.090909091,131.3237564,126
Orissa,Puri,Paddy (Kharif),"Pathava, Heera, Parijat, IR-36",150-175,"Saline, Alluvial, Laterite",25,22.1,30.8,20.7,,Harvesting,74,129.0909091,95.45454545,0.818181818,3.727272727,99.63636364,46.36363636,29.27272727,37.45454545,11.36363636,16.09090909,50.72727273,30.09090909,64.72727273,0.090909091,4.363636364,8.090909091,131.3237564,126
Orissa,Puri,Paddy (Kharif),"Pathava, Heera, Parijat, IR-36",150-175,"Saline, Alluvial, Laterite",26,1.1,30.4,19.1,,Harvesting,74,129.0909091,95.45454545,0.818181818,3.727272727,99.63636364,46.36363636,29.27272727,37.45454545,11.36363636,16.09090909,50.72727273,30.09090909,64.72727273,0.090909091,4.363636364,8.090909091,131.3237564,126
Orissa,Puri,Paddy (Kharif),"Pathava, Heera, Parijat, IR-36",150-175,"Saline, Alluvial, Laterite",27,12.1,30,17.7,8.4,Harvesting,74,129.0909091,95.45454545,0.818181818,3.727272727,99.63636364,46.36363636,29.27272727,37.45454545,11.36363636,16.09090909,50.72727273,30.09090909,64.72727273,0.090909091,4.363636364,8.090909091,131.3237564,126
Orissa,Puri,Paddy (Kharif),"Pathava, Heera, Parijat, IR-36",150-175,"Saline, Alluvial, Laterite",28,4.1,29.6,16.7,8.4,Harvesting,74,129.0909091,95.45454545,0.818181818,3.727272727,99.63636364,46.36363636,29.27272727,37.45454545,11.36363636,16.09090909,50.72727273,30.09090909,64.72727273,0.090909091,4.363636364,8.090909091,131.3237564,126
Orissa,Puri,Paddy (Kharif),"Pathava, Heera, Parijat, IR-36",150-175,"Saline, Alluvial, Laterite",29,1.5,29.2,16,,Harvesting,74,129.0909091,95.45454545,0.818181818,3.727272727,99.63636364,46.36363636,29.27272727,37.45454545,11.36363636,16.09090909,50.72727273,30.09090909,64.72727273,0.090909091,4.363636364,8.090909091,131.3237564,126
Orissa,Puri,Paddy (Kharif),"Pathava, Heera, Parijat, IR-36",150-175,"Saline, Alluvial, Laterite",30,1,28.8,15.7,,Harvesting,74,129.0909091,95.45454545,0.818181818,3.727272727,99.63636364,46.36363636,29.27272727,37.45454545,11.36363636,16.09090909,50.72727273,30.09090909,64.72727273,0.090909091,4.363636364,8.090909091,131.3237564,126
Orissa,Balasore,Paddy (Kharif),Swarna-1009,140-155,"Saline, Alluvial, Sandy, Laterite",1,28.2,36.3,25.9,,Sowing,132.8,,,,,,,,,,,,,,,,,,
Orissa,Balasore,Paddy (Kharif),Swarna-1009,140-155,"Saline, Alluvial, Sandy, Laterite",2,56.4,35.6,25.8,,Sowing,132.8,,,,,,,,,,,,,,,,,,
Orissa,Balasore,Paddy (Kharif),Swarna-1009,140-155,"Saline, Alluvial, Sandy, Laterite",3,53.9,34.3,25.6,,Sowing,132.8,,,,,,,,,,,,,,,,,,
Orissa,Balasore,Paddy (Kharif),Swarna-1009,140-155,"Saline, Alluvial, Sandy, Laterite",4,69,33.3,25.3,6.5,Sowing,132.8,,,,,,,,,,,,,,,,,,
Orissa,Balasore,Paddy (Kharif),Swarna-1009,140-155,"Saline, Alluvial, Sandy, Laterite",5,56.7,32.6,25.1,,Transplanting,132.8,,,,,,,,,,,,,,,,,,
Orissa,Balasore,Paddy (Kharif),Swarna-1009,140-155,"Saline, Alluvial, Sandy, Laterite",6,56.2,32.2,25,,Transplanting,132.8,,,,,,,,,,,,,,,,,,
Orissa,Balasore,Paddy (Kharif),Swarna-1009,140-155,"Saline, Alluvial, Sandy, Laterite",7,58.2,31.5,24.8,4.8,Vegetative Growth,235.2,,,,,,,,,,,,,,,,,,
Orissa,Balasore,Paddy (Kharif),Swarna-1009,140-155,"Saline, Alluvial, Sandy, Laterite",8,102.4,31.9,24.9,3.9,Vegetative Growth,235.2,,,,,,,,,,,,,,,,,,
Orissa,Balasore,Paddy (Kharif),Swarna-1009,140-155,"Saline, Alluvial, Sandy, Laterite",9,59.2,31.9,25.2,4,Vegetative Growth,235.2,,,,,,,,,,,,,,,,,,
Orissa,Balasore,Paddy (Kharif),Swarna-1009,140-155,"Saline, Alluvial, Sandy, Laterite",10,75.2,31.6,25,3.7,Vegetative Growth,235.2,,,,,,,,,,,,,,,,,,
Orissa,Balasore,Paddy (Kharif),Swarna-1009,140-155,"Saline, Alluvial, Sandy, Laterite",11,98,31.4,25.1,4.7,Vegetative Growth,235.2,,,,,,,,,,,,,,,,,,
Orissa,Balasore,Paddy (Kharif),Swarna-1009,140-155,"Saline, Alluvial, Sandy, Laterite",12,87.8,31.6,25.2,4.9,Vegetative Growth,235.2,,,,,,,,,,,,,,,,,,
Orissa,Balasore,Paddy (Kharif),Swarna-1009,140-155,"Saline, Alluvial, Sandy, Laterite",13,45.1,32.1,25.4,4.1,Flowering,176,,,,,,,,,,,,,,,,,,
Orissa,Balasore,Paddy (Kharif),Swarna-1009,140-155,"Saline, Alluvial, Sandy, Laterite",14,59.4,31.5,24.8,4.5,Flowering,176,,,,,,,,,,,,,,,,,,
Orissa,Balasore,Paddy (Kharif),Swarna-1009,140-155,"Saline, Alluvial, Sandy, Laterite",15,52.9,31.9,25,5.3,Flowering,176,,,,,,,,,,,,,,,,,,
Orissa,Balasore,Paddy (Kharif),Swarna-1009,140-155,"Saline, Alluvial, Sandy, Laterite",16,68.4,31.7,24.8,5.4,Flowering,176,,,,,,,,,,,,,,,,,,
Orissa,Balasore,Paddy (Kharif),Swarna-1009,140-155,"Saline, Alluvial, Sandy, Laterite",17,62.1,32.2,24.9,5.3,Grain Formation,102.4,,,,,,,,,,,,,,,,,,
Orissa,Balasore,Paddy (Kharif),Swarna-1009,140-155,"Saline, Alluvial, Sandy, Laterite",18,70,32.1,24.6,5.6,Grain Formation,102.4,,,,,,,,,,,,,,,,,,
Orissa,Balasore,Paddy (Kharif),Swarna-1009,140-155,"Saline, Alluvial, Sandy, Laterite",19,67.5,32.2,23.2,6.3,Grain Formation,102.4,,,,,,,,,,,,,,,,,,
Orissa,Balasore,Paddy (Kharif),Swarna-1009,140-155,"Saline, Alluvial, Sandy, Laterite",20,48.9,32.1,23.7,6.8,Grain Formation,102.4,,,,,,,,,,,,,,,,,,
Orissa,Balasore,Paddy (Kharif),Swarna-1009,140-155,"Saline, Alluvial, Sandy, Laterite",21,40.1,31.7,22.8,7.6,Harvesting,64.8,,,,,,,,,,,,,,,,,,
Orissa,Balasore,Paddy (Kharif),Swarna-1009,140-155,"Saline, Alluvial, Sandy, Laterite",22,4.7,31.7,21.5,7.9,Harvesting,64.8,,,,,,,,,,,,,,,,,,
Orissa,Balasore,Paddy (Kharif),Swarna-1009,140-155,"Saline, Alluvial, Sandy, Laterite",23,22.3,30.8,19.5,8.6,Harvesting,64.8,,,,,,,,,,,,,,,,,,
Orissa,Balasore,Paddy (Kharif),Swarna-1009,140-155,"Saline, Alluvial, Sandy, Laterite",24,18.3,30.7,18.3,8.9,Harvesting,64.8,,,,,,,,,,,,,,,,,,
Orissa,Balasore,Paddy (Kharif),Swarna-1009,140-155,"Saline, Alluvial, Sandy, Laterite",25,6.3,30.3,12.5,8.9,Harvesting,64.8,,,,,,,,,,,,,,,,,,
Orissa,Balasore,Paddy (Kharif),Swarna-1009,140-155,"Saline, Alluvial, Sandy, Laterite",26,5.2,29.6,16.2,5.6,Harvesting,64.8,,,,,,,,,,,,,,,,,,
Orissa,Balasore,Paddy (Kharif),Swarna-1009,140-155,"Saline, Alluvial, Sandy, Laterite",27,3.9,28.5,14.3,8,Harvesting,64.8,,,,,,,,,,,,,,,,,,
Orissa,Balasore,Paddy (Kharif),Swarna-1009,140-155,"Saline, Alluvial, Sandy, Laterite",28,2.1,28.1,14.2,8.1,Harvesting,64.8,,,,,,,,,,,,,,,,,,
Orissa,Balasore,Paddy (Kharif),Swarna-1009,140-155,"Saline, Alluvial, Sandy, Laterite",29,3.3,27.6,15.6,8.3,Harvesting,64.8,,,,,,,,,,,,,,,,,,
Orissa,Cuttack,Paddy (Rabi),Local/Hybrid,90-135,"Sandy Loam, Clay Loam",1,8.4,30.4,18.7,,Sowing,78.4,130,94.78571429,0.928571429,4.285714286,98.71428571,38.35714286,38.14285714,35.92857143,2,7.714285714,45.21428571,17.14285714,81.85714286,4.642857143,1,0.857142857,113.8345687,126
Orissa,Cuttack,Paddy (Rabi),Local/Hybrid,90-135,"Sandy Loam, Clay Loam",2,6.1,29.7,17.1,,Sowing,78.4,130,94.78571429,0.928571429,4.285714286,98.71428571,38.35714286,38.14285714,35.92857143,2,7.714285714,45.21428571,17.14285714,81.85714286,4.642857143,1,0.857142857,113.8345687,126
Orissa,Cuttack,Paddy (Rabi),Local/Hybrid,90-135,"Sandy Loam, Clay Loam",3,4.8,28.8,15.7,,Sowing,78.4,130,94.78571429,0.928571429,4.285714286,98.71428571,38.35714286,38.14285714,35.92857143,2,7.714285714,45.21428571,17.14285714,81.85714286,4.642857143,1,0.857142857,113.8345687,126
Orissa,Cuttack,Paddy (Rabi),Local/Hybrid,90-135,"Sandy Loam, Clay Loam",4,0.2,28.2,15.5,,Sowing,78.4,130,94.78571429,0.928571429,4.285714286,98.71428571,38.35714286,38.14285714,35.92857143,2,7.714285714,45.21428571,17.14285714,81.85714286,4.642857143,1,0.857142857,113.8345687,126
Orissa,Cuttack,Paddy (Rabi),Local/Hybrid,90-135,"Sandy Loam, Clay Loam",5,7.2,28,15,,Sowing,78.4,130,94.78571429,0.928571429,4.285714286,98.71428571,38.35714286,38.14285714,35.92857143,2,7.714285714,45.21428571,17.14285714,81.85714286,4.642857143,1,0.857142857,113.8345687,126
Orissa,Cuttack,Paddy (Rabi),Local/Hybrid,90-135,"Sandy Loam, Clay Loam",6,2.4,29.2,12.9,,Transplanting,78.4,130,94.78571429,0.928571429,4.285714286,98.71428571,38.35714286,38.14285714,35.92857143,2,7.714285714,45.21428571,17.14285714,81.85714286,4.642857143,1,0.857142857,113.8345687,126
Orissa,Cuttack,Paddy (Rabi),Local/Hybrid,90-135,"Sandy Loam, Clay Loam",7,3,24.2,14.4,,Vegetative Growth,170.3,130,94.78571429,0.928571429,4.285714286,98.71428571,38.35714286,38.14285714,35.92857143,2,7.714285714,45.21428571,17.14285714,81.85714286,4.642857143,1,0.857142857,113.8345687,126
Orissa,Cuttack,Paddy (Rabi),Local/Hybrid,90-135,"Sandy Loam, Clay Loam",8,0.7,27.3,15.3,8.9,Vegetative Growth,170.3,130,94.78571429,0.928571429,4.285714286,98.71428571,38.35714286,38.14285714,35.92857143,2,7.714285714,45.21428571,17.14285714,81.85714286,4.642857143,1,0.857142857,113.8345687,126
Orissa,Cuttack,Paddy (Rabi),Local/Hybrid,90-135,"Sandy Loam, Clay Loam",9,0.5,27.9,16.1,9,Vegetative Growth,170.3,130,94.78571429,0.928571429,4.285714286,98.71428571,38.35714286,38.14285714,35.92857143,2,7.714285714,45.21428571,17.14285714,81.85714286,4.642857143,1,0.857142857,113.8345687,126
Orissa,Cuttack,Paddy (Rabi),Local/Hybrid,90-135,"Sandy Loam, Clay Loam",10,6.9,28.2,16.1,9,Vegetative Growth,170.3,130,94.78571429,0.928571429,4.285714286,98.71428571,38.35714286,38.14285714,35.92857143,2,7.714285714,45.21428571,17.14285714,81.85714286,4.642857143,1,0.857142857,113.8345687,126
Orissa,Cuttack,Paddy (Rabi),Local/Hybrid,90-135,"Sandy Loam, Clay Loam",11,3.3,28.5,17.1,,Vegetative Growth,170.3,130,94.78571429,0.928571429,4.285714286,98.71428571,38.35714286,38.14285714,35.92857143,2,7.714285714,45.21428571,17.14285714,81.85714286,4.642857143,1,0.857142857,113.8345687,126
Orissa,Cuttack,Paddy (Rabi),Local/Hybrid,90-135,"Sandy Loam, Clay Loam",12,5.4,33.8,20,,Vegetative Growth,170.3,130,94.78571429,0.928571429,4.285714286,98.71428571,38.35714286,38.14285714,35.92857143,2,7.714285714,45.21428571,17.14285714,81.85714286,4.642857143,1,0.857142857,113.8345687,126
Orissa,Cuttack,Paddy (Rabi),Local/Hybrid,90-135,"Sandy Loam, Clay Loam",13,10.6,33.2,23.3,8.3,Vegetative Growth,170.3,130,94.78571429,0.928571429,4.285714286,98.71428571,38.35714286,38.14285714,35.92857143,2,7.714285714,45.21428571,17.14285714,81.85714286,4.642857143,1,0.857142857,113.8345687,126
Orissa,Cuttack,Paddy (Rabi),Local/Hybrid,90-135,"Sandy Loam, Clay Loam",14,2.7,32.1,21,8.3,Flowering,143.4,130,94.78571429,0.928571429,4.285714286,98.71428571,38.35714286,38.14285714,35.92857143,2,7.714285714,45.21428571,17.14285714,81.85714286,4.642857143,1,0.857142857,113.8345687,126
Orissa,Cuttack,Paddy (Rabi),Local/Hybrid,90-135,"Sandy Loam, Clay Loam",15,18.1,31.1,21.1,,Flowering,143.4,130,94.78571429,0.928571429,4.285714286,98.71428571,38.35714286,38.14285714,35.92857143,2,7.714285714,45.21428571,17.14285714,81.85714286,4.642857143,1,0.857142857,113.8345687,126
Orissa,Cuttack,Paddy (Rabi),Local/Hybrid,90-135,"Sandy Loam, Clay Loam",16,5,30.1,17.7,4.3,Flowering,143.4,130,94.78571429,0.928571429,4.285714286,98.71428571,38.35714286,38.14285714,35.92857143,2,7.714285714,45.21428571,17.14285714,81.85714286,4.642857143,1,0.857142857,113.8345687,126
Orissa,Cuttack,Paddy (Rabi),Local/Hybrid,90-135,"Sandy Loam, Clay Loam",17,3.4,29.2,18.8,9.6,Flowering,143.4,130,94.78571429,0.928571429,4.285714286,98.71428571,38.35714286,38.14285714,35.92857143,2,7.714285714,45.21428571,17.14285714,81.85714286,4.642857143,1,0.857142857,113.8345687,126
Orissa,Cuttack,Paddy (Rabi),Local/Hybrid,90-135,"Sandy Loam, Clay Loam",18,12.8,32.3,19.1,9.3,Grain Formation,105.2,130,94.78571429,0.928571429,4.285714286,98.71428571,38.35714286,38.14285714,35.92857143,2,7.714285714,45.21428571,17.14285714,81.85714286,4.642857143,1,0.857142857,113.8345687,126
Orissa,Cuttack,Paddy (Rabi),Local/Hybrid,90-135,"Sandy Loam, Clay Loam",19,4,33.9,23.3,8.1,Grain Formation,105.2,130,94.78571429,0.928571429,4.285714286,98.71428571,38.35714286,38.14285714,35.92857143,2,7.714285714,45.21428571,17.14285714,81.85714286,4.642857143,1,0.857142857,113.8345687,126
Orissa,Cuttack,Paddy (Rabi),Local/Hybrid,90-135,"Sandy Loam, Clay Loam",20,3.7,34.8,25.1,8.9,Grain Formation,105.2,130,94.78571429,0.928571429,4.285714286,98.71428571,38.35714286,38.14285714,35.92857143,2,7.714285714,45.21428571,17.14285714,81.85714286,4.642857143,1,0.857142857,113.8345687,126
Orissa,Cuttack,Paddy (Rabi),Local/Hybrid,90-135,"Sandy Loam, Clay Loam",21,8.8,34.8,25.3,8.3,Grain Formation,105.2,130,94.78571429,0.928571429,4.285714286,98.71428571,38.35714286,38.14285714,35.92857143,2,7.714285714,45.21428571,17.14285714,81.85714286,4.642857143,1,0.857142857,113.8345687,126
Orissa,Cuttack,Paddy (Rabi),Local/Hybrid,90-135,"Sandy Loam, Clay Loam",22,12.3,35,25.8,1.9,Harvesting,76,130,94.78571429,0.928571429,4.285714286,98.71428571,38.35714286,38.14285714,35.92857143,2,7.714285714,45.21428571,17.14285714,81.85714286,4.642857143,1,0.857142857,113.8345687,126
Orissa,Cuttack,Paddy (Rabi),Local/Hybrid,90-135,"Sandy Loam, Clay Loam",23,19.9,35.2,24,9.1,Harvesting,76,130,94.78571429,0.928571429,4.285714286,98.71428571,38.35714286,38.14285714,35.92857143,2,7.714285714,45.21428571,17.14285714,81.85714286,4.642857143,1,0.857142857,113.8345687,126
Orissa,Cuttack,Paddy (Rabi),Local/Hybrid,90-135,"Sandy Loam, Clay Loam",24,21.3,34.4,24.3,9.5,Harvesting,76,130,94.78571429,0.928571429,4.285714286,98.71428571,38.35714286,38.14285714,35.92857143,2,7.714285714,45.21428571,17.14285714,81.85714286,4.642857143,1,0.857142857,113.8345687,126
Orissa,Cuttack,Paddy (Rabi),Local/Hybrid,90-135,"Sandy Loam, Clay Loam",25,15.6,34.1,24.7,9.6,Harvesting,76,130,94.78571429,0.928571429,4.285714286,98.71428571,38.35714286,38.14285714,35.92857143,2,7.714285714,45.21428571,17.14285714,81.85714286,4.642857143,1,0.857142857,113.8345687,126
Orissa,Dhenkanal,Groundnut (Rabi),AK-12-24,110-130,"Red Sandy Loam, Laterite",1,12.2,31.8,16.2,9,Sowing,38.9,128.75,80.5,3.25,16.125,100,31.625,55.125,19.375,3.625,17.125,41.75,49.25,44.625,0.5,0.5,1.625,128.75,126
Orissa,Dhenkanal,Groundnut (Rabi),AK-12-24,110-130,"Red Sandy Loam, Laterite",2,9.3,31.2,16.2,7.9,Germination/Vegetative Growth,38.9,128.75,80.5,3.25,16.125,100,31.625,55.125,19.375,3.625,17.125,41.75,49.25,44.625,0.5,0.5,1.625,128.75,126
Orissa,Dhenkanal,Groundnut (Rabi),AK-12-24,110-130,"Red Sandy Loam, Laterite",3,4.5,29.8,15.8,,Germination/Vegetative Growth,38.9,128.75,80.5,3.25,16.125,100,31.625,55.125,19.375,3.625,17.125,41.75,49.25,44.625,0.5,0.5,1.625,128.75,126
Orissa,Dhenkanal,Groundnut (Rabi),AK-12-24,110-130,"Red Sandy Loam, Laterite",4,1.4,30.6,18.8,9.4,Germination/Vegetative Growth,38.9,128.75,80.5,3.25,16.125,100,31.625,55.125,19.375,3.625,17.125,41.75,49.25,44.625,0.5,0.5,1.625,128.75,126
Orissa,Dhenkanal,Groundnut (Rabi),AK-12-24,110-130,"Red Sandy Loam, Laterite",5,3.3,29.6,17.5,9.2,Germination/Vegetative Growth,38.9,128.75,80.5,3.25,16.125,100,31.625,55.125,19.375,3.625,17.125,41.75,49.25,44.625,0.5,0.5,1.625,128.75,126
Orissa,Dhenkanal,Groundnut (Rabi),AK-12-24,110-130,"Red Sandy Loam, Laterite",6,1.8,28.1,17.4,9.3,Flowering/Pegging,54.5,128.75,80.5,3.25,16.125,100,31.625,55.125,19.375,3.625,17.125,41.75,49.25,44.625,0.5,0.5,1.625,128.75,126
Orissa,Dhenkanal,Groundnut (Rabi),AK-12-24,110-130,"Red Sandy Loam, Laterite",7,2.9,26.7,12.3,,Flowering/Pegging,54.5,128.75,80.5,3.25,16.125,100,31.625,55.125,19.375,3.625,17.125,41.75,49.25,44.625,0.5,0.5,1.625,128.75,126
Orissa,Dhenkanal,Groundnut (Rabi),AK-12-24,110-130,"Red Sandy Loam, Laterite",8,0.2,26.9,13.5,,Flowering/Pegging,54.5,128.75,80.5,3.25,16.125,100,31.625,55.125,19.375,3.625,17.125,41.75,49.25,44.625,0.5,0.5,1.625,128.75,126
Orissa,Dhenkanal,Groundnut (Rabi),AK-12-24,110-130,"Red Sandy Loam, Laterite",9,0.8,26.5,14.6,,Flowering/Pegging,54.5,128.75,80.5,3.25,16.125,100,31.625,55.125,19.375,3.625,17.125,41.75,49.25,44.625,0.5,0.5,1.625,128.75,126
Orissa,Dhenkanal,Groundnut (Rabi),AK-12-24,110-130,"Red Sandy Loam, Laterite",10,0.5,27,14.8,,Pod Formation,105.7,128.75,80.5,3.25,16.125,100,31.625,55.125,19.375,3.625,17.125,41.75,49.25,44.625,0.5,0.5,1.625,128.75,126
Orissa,Dhenkanal,Groundnut (Rabi),AK-12-24,110-130,"Red Sandy Loam, Laterite",11,1,27.7,13.6,,Pod Formation,105.7,128.75,80.5,3.25,16.125,100,31.625,55.125,19.375,3.625,17.125,41.75,49.25,44.625,0.5,0.5,1.625,128.75,126
Orissa,Dhenkanal,Groundnut (Rabi),AK-12-24,110-130,"Red Sandy Loam, Laterite",12,3.4,28,14,,Pod Formation,105.7,128.75,80.5,3.25,16.125,100,31.625,55.125,19.375,3.625,17.125,41.75,49.25,44.625,0.5,0.5,1.625,128.75,126
Orissa,Dhenkanal,Groundnut (Rabi),AK-12-24,110-130,"Red Sandy Loam, Laterite",13,0.5,26.8,15.4,,Pod Formation,105.7,128.75,80.5,3.25,16.125,100,31.625,55.125,19.375,3.625,17.125,41.75,49.25,44.625,0.5,0.5,1.625,128.75,126
Orissa,Dhenkanal,Groundnut (Rabi),AK-12-24,110-130,"Red Sandy Loam, Laterite",14,6.1,26.9,13.4,,Pod Formation,105.7,128.75,80.5,3.25,16.125,100,31.625,55.125,19.375,3.625,17.125,41.75,49.25,44.625,0.5,0.5,1.625,128.75,126
Orissa,Dhenkanal,Groundnut (Rabi),AK-12-24,110-130,"Red Sandy Loam, Laterite",15,3.3,32.3,16.3,9.6,Harvesting,54.6,128.75,80.5,3.25,16.125,100,31.625,55.125,19.375,3.625,17.125,41.75,49.25,44.625,0.5,0.5,1.625,128.75,126
Orissa,Dhenkanal,Groundnut (Rabi),AK-12-24,110-130,"Red Sandy Loam, Laterite",16,2.5,30.8,17.1,8.9,Harvesting,54.6,128.75,80.5,3.25,16.125,100,31.625,55.125,19.375,3.625,17.125,41.75,49.25,44.625,0.5,0.5,1.625,128.75,126
Orissa,Dhenkanal,Groundnut (Rabi),AK-12-24,110-130,"Red Sandy Loam, Laterite",17,3.6,29.3,17.1,9.5,Harvesting,54.6,128.75,80.5,3.25,16.125,100,31.625,55.125,19.375,3.625,17.125,41.75,49.25,44.625,0.5,0.5,1.625,128.75,126
Orissa,Dhenkanal,Groundnut (Rabi),AK-12-24,110-130,"Red Sandy Loam, Laterite",18,6.6,29.2,17.8,9.4,Harvesting,54.6,128.75,80.5,3.25,16.125,100,31.625,55.125,19.375,3.625,17.125,41.75,49.25,44.625,0.5,0.5,1.625,128.75,126
Orissa,Sambalpur,Groundnut (Rabi),AK-12-24,110-120,Sandy Loam,1,7.4,28.8,14.8,7.9,Sowing,21,130,89.11111111,3.888888889,6.888888889,99.44444444,49.77777778,42.66666667,19.55555556,13,36.88888889,44.77777778,41.33333333,91.77777778,2.333333333,3.777777778,1.333333333,115.8674004,126
Orissa,Sambalpur,Groundnut (Rabi),AK-12-24,110-120,Sandy Loam,2,7.3,27.8,12.9,,Sowing,21,130,89.11111111,3.888888889,6.888888889,99.44444444,49.77777778,42.66666667,19.55555556,13,36.88888889,44.77777778,41.33333333,91.77777778,2.333333333,3.777777778,1.333333333,115.8674004,126
Orissa,Sambalpur,Groundnut (Rabi),AK-12-24,110-120,Sandy Loam,3,6.7,27.5,12.8,,Germination,21,130,89.11111111,3.888888889,6.888888889,99.44444444,49.77777778,42.66666667,19.55555556,13,36.88888889,44.77777778,41.33333333,91.77777778,2.333333333,3.777777778,1.333333333,115.8674004,126
Orissa,Sambalpur,Groundnut (Rabi),AK-12-24,110-120,Sandy Loam,4,8.4,27.4,11.9,9,Germination,21,130,89.11111111,3.888888889,6.888888889,99.44444444,49.77777778,42.66666667,19.55555556,13,36.88888889,44.77777778,41.33333333,91.77777778,2.333333333,3.777777778,1.333333333,115.8674004,126
Orissa,Sambalpur,Groundnut (Rabi),AK-12-24,110-120,Sandy Loam,5,4.1,23.5,10.2,9,Vegetative Growth,54,130,89.11111111,3.888888889,6.888888889,99.44444444,49.77777778,42.66666667,19.55555556,13,36.88888889,44.77777778,41.33333333,91.77777778,2.333333333,3.777777778,1.333333333,115.8674004,126
Orissa,Sambalpur,Groundnut (Rabi),AK-12-24,110-120,Sandy Loam,6,8.4,26.6,11.1,9.1,Vegetative Growth,54,130,89.11111111,3.888888889,6.888888889,99.44444444,49.77777778,42.66666667,19.55555556,13,36.88888889,44.77777778,41.33333333,91.77777778,2.333333333,3.777777778,1.333333333,115.8674004,126
Orissa,Sambalpur,Groundnut (Rabi),AK-12-24,110-120,Sandy Loam,7,2.1,27.8,12,8.9,Vegetative Growth,54,130,89.11111111,3.888888889,6.888888889,99.44444444,49.77777778,42.66666667,19.55555556,13,36.88888889,44.77777778,41.33333333,91.77777778,2.333333333,3.777777778,1.333333333,115.8674004,126
Orissa,Sambalpur,Groundnut (Rabi),AK-12-24,110-120,Sandy Loam,8,3.4,27.6,12.9,9.1,Vegetative Growth,54,130,89.11111111,3.888888889,6.888888889,99.44444444,49.77777778,42.66666667,19.55555556,13,36.88888889,44.77777778,41.33333333,91.77777778,2.333333333,3.777777778,1.333333333,115.8674004,126
Orissa,Sambalpur,Groundnut (Rabi),AK-12-24,110-120,Sandy Loam,9,1.3,28.1,13.3,8.6,Flowering/Pegging,127.4,130,89.11111111,3.888888889,6.888888889,99.44444444,49.77777778,42.66666667,19.55555556,13,36.88888889,44.77777778,41.33333333,91.77777778,2.333333333,3.777777778,1.333333333,115.8674004,126
Orissa,Sambalpur,Groundnut (Rabi),AK-12-24,110-120,Sandy Loam,10,8.4,29.2,14.4,3.3,Flowering/Pegging,127.4,130,89.11111111,3.888888889,6.888888889,99.44444444,49.77777778,42.66666667,19.55555556,13,36.88888889,44.77777778,41.33333333,91.77777778,2.333333333,3.777777778,1.333333333,115.8674004,126
Orissa,Sambalpur,Groundnut (Rabi),AK-12-24,110-120,Sandy Loam,11,4.1,29.1,14.5,8.9,Flowering/Pegging,127.4,130,89.11111111,3.888888889,6.888888889,99.44444444,49.77777778,42.66666667,19.55555556,13,36.88888889,44.77777778,41.33333333,91.77777778,2.333333333,3.777777778,1.333333333,115.8674004,126
Orissa,Sambalpur,Groundnut (Rabi),AK-12-24,110-120,Sandy Loam,12,7.6,30,15.7,8.3,Flowering/Pegging,127.4,130,89.11111111,3.888888889,6.888888889,99.44444444,49.77777778,42.66666667,19.55555556,13,36.88888889,44.77777778,41.33333333,91.77777778,2.333333333,3.777777778,1.333333333,115.8674004,126
Orissa,Sambalpur,Groundnut (Rabi),AK-12-24,110-120,Sandy Loam,13,8.5,31.5,16.4,8.4,Pod Formation,75,130,89.11111111,3.888888889,6.888888889,99.44444444,49.77777778,42.66666667,19.55555556,13,36.88888889,44.77777778,41.33333333,91.77777778,2.333333333,3.777777778,1.333333333,115.8674004,126
Orissa,Sambalpur,Groundnut (Rabi),AK-12-24,110-120,Sandy Loam,14,5.8,32.3,17,9.2,Pod Formation,75,130,89.11111111,3.888888889,6.888888889,99.44444444,49.77777778,42.66666667,19.55555556,13,36.88888889,44.77777778,41.33333333,91.77777778,2.333333333,3.777777778,1.333333333,115.8674004,126
Orissa,Sambalpur,Groundnut (Rabi),AK-12-24,110-120,Sandy Loam,15,4.1,33.5,16.2,9.3,Pod Formation,75,130,89.11111111,3.888888889,6.888888889,99.44444444,49.77777778,42.66666667,19.55555556,13,36.88888889,44.77777778,41.33333333,91.77777778,2.333333333,3.777777778,1.333333333,115.8674004,126
Orissa,Sambalpur,Groundnut (Rabi),AK-12-24,110-120,Sandy Loam,16,3.7,34.8,19.2,9.5,Pod Formation,75,130,89.11111111,3.888888889,6.888888889,99.44444444,49.77777778,42.66666667,19.55555556,13,36.88888889,44.77777778,41.33333333,91.77777778,2.333333333,3.777777778,1.333333333,115.8674004,126
Orissa,Sambalpur,Groundnut (Rabi),AK-12-24,110-120,Sandy Loam,17,5.2,36.7,20.5,9.1,Harvesting,35.3,130,89.11111111,3.888888889,6.888888889,99.44444444,49.77777778,42.66666667,19.55555556,13,36.88888889,44.77777778,41.33333333,91.77777778,2.333333333,3.777777778,1.333333333,115.8674004,126
Orissa,Sambalpur,Groundnut (Rabi),AK-12-24,110-120,Sandy Loam,18,1.2,37.5,21.6,,Harvesting,35.3,130,89.11111111,3.888888889,6.888888889,99.44444444,49.77777778,42.66666667,19.55555556,13,36.88888889,44.77777778,41.33333333,91.77777778,2.333333333,3.777777778,1.333333333,115.8674004,126
Orissa,Sambalpur,Groundnut (Rabi),AK-12-24,110-120,Sandy Loam,19,3.2,38.8,22.7,,Harvesting,35.3,130,89.11111111,3.888888889,6.888888889,99.44444444,49.77777778,42.66666667,19.55555556,13,36.88888889,44.77777778,41.33333333,91.77777778,2.333333333,3.777777778,1.333333333,115.8674004,126
Orissa,Ganjam,Groundnut (Kharif),"A.K.-12-24, J.L.-24",100-120,"Alluvial, Clay Loam",1,12.6,33.2,27.5,8.2,Sowing,43.3,127.7272727,38.40909091,34.45454545,27.13636364,98.59090909,57.31818182,43.40909091,16.81818182,5.318181818,21.5,38.18181818,31.13636364,60.86363636,0.954545455,1.181818182,2.090909091,124.1387221,126
Orissa,Ganjam,Groundnut (Kharif),"A.K.-12-24, J.L.-24",100-120,"Alluvial, Clay Loam",2,13.9,33.2,27.1,6.2,Germination/Vegetative Growth,43.3,127.7272727,38.40909091,34.45454545,27.13636364,98.59090909,57.31818182,43.40909091,16.81818182,5.318181818,21.5,38.18181818,31.13636364,60.86363636,0.954545455,1.181818182,2.090909091,124.1387221,126
Orissa,Ganjam,Groundnut (Kharif),"A.K.-12-24, J.L.-24",100-120,"Alluvial, Clay Loam",3,55,32.9,26.8,6.4,Germination/Vegetative Growth,43.3,127.7272727,38.40909091,34.45454545,27.13636364,98.59090909,57.31818182,43.40909091,16.81818182,5.318181818,21.5,38.18181818,31.13636364,60.86363636,0.954545455,1.181818182,2.090909091,124.1387221,126
Orissa,Ganjam,Groundnut (Kharif),"A.K.-12-24, J.L.-24",100-120,"Alluvial, Clay Loam",4,31,32.3,26.5,4.5,Germination/Vegetative Growth,43.3,127.7272727,38.40909091,34.45454545,27.13636364,98.59090909,57.31818182,43.40909091,16.81818182,5.318181818,21.5,38.18181818,31.13636364,60.86363636,0.954545455,1.181818182,2.090909091,124.1387221,126
Orissa,Ganjam,Groundnut (Kharif),"A.K.-12-24, J.L.-24",100-120,"Alluvial, Clay Loam",5,36.8,31.4,26.2,4,Flowering/Pegging,86.9,127.7272727,38.40909091,34.45454545,27.13636364,98.59090909,57.31818182,43.40909091,16.81818182,5.318181818,21.5,38.18181818,31.13636364,60.86363636,0.954545455,1.181818182,2.090909091,124.1387221,126
Orissa,Ganjam,Groundnut (Kharif),"A.K.-12-24, J.L.-24",100-120,"Alluvial, Clay Loam",6,24.2,31.5,26.1,3.5,Flowering/Pegging,86.9,127.7272727,38.40909091,34.45454545,27.13636364,98.59090909,57.31818182,43.40909091,16.81818182,5.318181818,21.5,38.18181818,31.13636364,60.86363636,0.954545455,1.181818182,2.090909091,124.1387221,126
Orissa,Ganjam,Groundnut (Kharif),"A.K.-12-24, J.L.-24",100-120,"Alluvial, Clay Loam",7,41.4,31.1,25.7,7.5,Flowering/Pegging,86.9,127.7272727,38.40909091,34.45454545,27.13636364,98.59090909,57.31818182,43.40909091,16.81818182,5.318181818,21.5,38.18181818,31.13636364,60.86363636,0.954545455,1.181818182,2.090909091,124.1387221,126
Orissa,Ganjam,Groundnut (Kharif),"A.K.-12-24, J.L.-24",100-120,"Alluvial, Clay Loam",8,44.1,31.2,25.9,3.4,Pod Formation,142.8,127.7272727,38.40909091,34.45454545,27.13636364,98.59090909,57.31818182,43.40909091,16.81818182,5.318181818,21.5,38.18181818,31.13636364,60.86363636,0.954545455,1.181818182,2.090909091,124.1387221,126
Orissa,Ganjam,Groundnut (Kharif),"A.K.-12-24, J.L.-24",100-120,"Alluvial, Clay Loam",9,40.4,31.6,25.9,4.2,Pod Formation,142.8,127.7272727,38.40909091,34.45454545,27.13636364,98.59090909,57.31818182,43.40909091,16.81818182,5.318181818,21.5,38.18181818,31.13636364,60.86363636,0.954545455,1.181818182,2.090909091,124.1387221,126
Orissa,Ganjam,Groundnut (Kharif),"A.K.-12-24, J.L.-24",100-120,"Alluvial, Clay Loam",10,50.7,31.4,25.6,3.4,Pod Formation,142.8,127.7272727,38.40909091,34.45454545,27.13636364,98.59090909,57.31818182,43.40909091,16.81818182,5.318181818,21.5,38.18181818,31.13636364,60.86363636,0.954545455,1.181818182,2.090909091,124.1387221,126
Orissa,Ganjam,Groundnut (Kharif),"A.K.-12-24, J.L.-24",100-120,"Alluvial, Clay Loam",11,46.1,31.4,25.8,3.5,Pod Formation,142.8,127.7272727,38.40909091,34.45454545,27.13636364,98.59090909,57.31818182,43.40909091,16.81818182,5.318181818,21.5,38.18181818,31.13636364,60.86363636,0.954545455,1.181818182,2.090909091,124.1387221,126
Orissa,Ganjam,Groundnut (Kharif),"A.K.-12-24, J.L.-24",100-120,"Alluvial, Clay Loam",12,46.2,31.4,25.7,3,Pod Formation,142.8,127.7272727,38.40909091,34.45454545,27.13636364,98.59090909,57.31818182,43.40909091,16.81818182,5.318181818,21.5,38.18181818,31.13636364,60.86363636,0.954545455,1.181818182,2.090909091,124.1387221,126
Orissa,Ganjam,Groundnut (Kharif),"A.K.-12-24, J.L.-24",100-120,"Alluvial, Clay Loam",13,47.4,32,26,4.3,Harvesting,70.6,127.7272727,38.40909091,34.45454545,27.13636364,98.59090909,57.31818182,43.40909091,16.81818182,5.318181818,21.5,38.18181818,31.13636364,60.86363636,0.954545455,1.181818182,2.090909091,124.1387221,126
Orissa,Ganjam,Groundnut (Kharif),"A.K.-12-24, J.L.-24",100-120,"Alluvial, Clay Loam",14,19.1,31.5,25.9,5.4,Harvesting,70.6,127.7272727,38.40909091,34.45454545,27.13636364,98.59090909,57.31818182,43.40909091,16.81818182,5.318181818,21.5,38.18181818,31.13636364,60.86363636,0.954545455,1.181818182,2.090909091,124.1387221,126
Orissa,Ganjam,Groundnut (Kharif),"A.K.-12-24, J.L.-24",100-120,"Alluvial, Clay Loam",15,19,31.9,25.6,4.5,Harvesting,70.6,127.7272727,38.40909091,34.45454545,27.13636364,98.59090909,57.31818182,43.40909091,16.81818182,5.318181818,21.5,38.18181818,31.13636364,60.86363636,0.954545455,1.181818182,2.090909091,124.1387221,126
Orissa,Ganjam,Groundnut (Kharif),"A.K.-12-24, J.L.-24",100-120,"Alluvial, Clay Loam",16,38.6,32.1,25.8,5.3,Harvesting,70.6,127.7272727,38.40909091,34.45454545,27.13636364,98.59090909,57.31818182,43.40909091,16.81818182,5.318181818,21.5,38.18181818,31.13636364,60.86363636,0.954545455,1.181818182,2.090909091,124.1387221,126
Orissa,Ganjam,Groundnut (Kharif),"A.K.-12-24, J.L.-24",100-120,"Alluvial, Clay Loam",17,39.1,32.3,25.7,6.5,Harvesting,70.6,127.7272727,38.40909091,34.45454545,27.13636364,98.59090909,57.31818182,43.40909091,16.81818182,5.318181818,21.5,38.18181818,31.13636364,60.86363636,0.954545455,1.181818182,2.090909091,124.1387221,126
Orissa,Ganjam,Groundnut (Kharif),"A.K.-12-24, J.L.-24",100-120,"Alluvial, Clay Loam",18,89.3,32.4,25.4,7,Harvesting,30.3,127.7272727,38.40909091,34.45454545,27.13636364,98.59090909,57.31818182,43.40909091,16.81818182,5.318181818,21.5,38.18181818,31.13636364,60.86363636,0.954545455,1.181818182,2.090909091,124.1387221,126
Orissa,Ganjam,Groundnut (Kharif),"A.K.-12-24, J.L.-24",100-120,"Alluvial, Clay Loam",19,38.9,32.2,24.4,7.3,Harvesting,30.3,127.7272727,38.40909091,34.45454545,27.13636364,98.59090909,57.31818182,43.40909091,16.81818182,5.318181818,21.5,38.18181818,31.13636364,60.86363636,0.954545455,1.181818182,2.090909091,124.1387221,126
Orissa,Ganjam,Groundnut (Kharif),"A.K.-12-24, J.L.-24",100-120,"Alluvial, Clay Loam",20,39.3,32.1,25.5,8.2,Harvesting,30.3,127.7272727,38.40909091,34.45454545,27.13636364,98.59090909,57.31818182,43.40909091,16.81818182,5.318181818,21.5,38.18181818,31.13636364,60.86363636,0.954545455,1.181818182,2.090909091,124.1387221,126
Orissa,Mayurbhanj,Mustard,M-27,85-110,Clay Loam,1,21.2,32.1,22.2,9.3,Sowing,15.8,127.5769231,97.76923077,1.653846154,0.538461538,99.88461538,43.92307692,47.5,42.11538462,57.69230769,49.92307692,67.5,39.11538462,92.15384615,0.653846154,0.923076923,1.846153846,118.0404572,126
Orissa,Mayurbhanj,Mustard,M-27,85-110,Clay Loam,2,8.6,31.7,20.6,8,Sowing,15.8,127.5769231,97.76923077,1.653846154,0.538461538,99.88461538,43.92307692,47.5,42.11538462,57.69230769,49.92307692,67.5,39.11538462,92.15384615,0.653846154,0.923076923,1.846153846,118.0404572,126
Orissa,Mayurbhanj,Mustard,M-27,85-110,Clay Loam,3,0,31,19.7,8.5,Germination/Vegetative Growth,15.8,127.5769231,97.76923077,1.653846154,0.538461538,99.88461538,43.92307692,47.5,42.11538462,57.69230769,49.92307692,67.5,39.11538462,92.15384615,0.653846154,0.923076923,1.846153846,118.0404572,126
Orissa,Mayurbhanj,Mustard,M-27,85-110,Clay Loam,4,8.7,30.5,18.6,4.3,Germination/Vegetative Growth,15.8,127.5769231,97.76923077,1.653846154,0.538461538,99.88461538,43.92307692,47.5,42.11538462,57.69230769,49.92307692,67.5,39.11538462,92.15384615,0.653846154,0.923076923,1.846153846,118.0404572,126
Orissa,Mayurbhanj,Mustard,M-27,85-110,Clay Loam,5,1.4,30,17.5,9.2,Germination/Vegetative Growth,15.8,127.5769231,97.76923077,1.653846154,0.538461538,99.88461538,43.92307692,47.5,42.11538462,57.69230769,49.92307692,67.5,39.11538462,92.15384615,0.653846154,0.923076923,1.846153846,118.0404572,126
Orissa,Mayurbhanj,Mustard,M-27,85-110,Clay Loam,6,1.5,29.6,16.7,9.3,Flowering,42.6,127.5769231,97.76923077,1.653846154,0.538461538,99.88461538,43.92307692,47.5,42.11538462,57.69230769,49.92307692,67.5,39.11538462,92.15384615,0.653846154,0.923076923,1.846153846,118.0404572,126
Orissa,Mayurbhanj,Mustard,M-27,85-110,Clay Loam,7,2.5,28.4,15.3,9,Flowering,42.6,127.5769231,97.76923077,1.653846154,0.538461538,99.88461538,43.92307692,47.5,42.11538462,57.69230769,49.92307692,67.5,39.11538462,92.15384615,0.653846154,0.923076923,1.846153846,118.0404572,126
Orissa,Mayurbhanj,Mustard,M-27,85-110,Clay Loam,8,1.5,27.7,13.2,9.4,Flowering,42.6,127.5769231,97.76923077,1.653846154,0.538461538,99.88461538,43.92307692,47.5,42.11538462,57.69230769,49.92307692,67.5,39.11538462,92.15384615,0.653846154,0.923076923,1.846153846,118.0404572,126
Orissa,Mayurbhanj,Mustard,M-27,85-110,Clay Loam,9,0.6,27.2,13.2,9.2,Seed Formation,65.4,127.5769231,97.76923077,1.653846154,0.538461538,99.88461538,43.92307692,47.5,42.11538462,57.69230769,49.92307692,67.5,39.11538462,92.15384615,0.653846154,0.923076923,1.846153846,118.0404572,126
Orissa,Mayurbhanj,Mustard,M-27,85-110,Clay Loam,10,2.7,27.1,12.4,9.8,Seed Formation,65.4,127.5769231,97.76923077,1.653846154,0.538461538,99.88461538,43.92307692,47.5,42.11538462,57.69230769,49.92307692,67.5,39.11538462,92.15384615,0.653846154,0.923076923,1.846153846,118.0404572,126
Orissa,Mayurbhanj,Mustard,M-27,85-110,Clay Loam,11,2,26.6,12,,Seed Formation,65.4,127.5769231,97.76923077,1.653846154,0.538461538,99.88461538,43.92307692,47.5,42.11538462,57.69230769,49.92307692,67.5,39.11538462,92.15384615,0.653846154,0.923076923,1.846153846,118.0404572,126
Orissa,Mayurbhanj,Mustard,M-27,85-110,Clay Loam,12,5.1,25.8,11.3,,Seed Formation,65.4,127.5769231,97.76923077,1.653846154,0.538461538,99.88461538,43.92307692,47.5,42.11538462,57.69230769,49.92307692,67.5,39.11538462,92.15384615,0.653846154,0.923076923,1.846153846,118.0404572,126
Orissa,Mayurbhanj,Mustard,M-27,85-110,Clay Loam,13,7.2,27,12,4,Seed Formation,65.4,127.5769231,97.76923077,1.653846154,0.538461538,99.88461538,43.92307692,47.5,42.11538462,57.69230769,49.92307692,67.5,39.11538462,92.15384615,0.653846154,0.923076923,1.846153846,118.0404572,126
Orissa,Mayurbhanj,Mustard,M-27,85-110,Clay Loam,14,4.5,27.2,12.7,,Harvesting,35.1,127.5769231,97.76923077,1.653846154,0.538461538,99.88461538,43.92307692,47.5,42.11538462,57.69230769,49.92307692,67.5,39.11538462,92.15384615,0.653846154,0.923076923,1.846153846,118.0404572,126
Orissa,Mayurbhanj,Mustard,M-27,85-110,Clay Loam,15,6.9,27.3,13.2,,Harvesting,35.1,127.5769231,97.76923077,1.653846154,0.538461538,99.88461538,43.92307692,47.5,42.11538462,57.69230769,49.92307692,67.5,39.11538462,92.15384615,0.653846154,0.923076923,1.846153846,118.0404572,126
Orissa,Mayurbhanj,Mustard,M-27,85-110,Clay Loam,16,,28.8,14.5,,Harvesting,25.7,127.5769231,97.76923077,1.653846154,0.538461538,99.88461538,43.92307692,47.5,42.11538462,57.69230769,49.92307692,67.5,39.11538462,92.15384615,0.653846154,0.923076923,1.846153846,118.0404572,126
Orissa,Mayurbhanj,Mustard,M-27,85-110,Clay Loam,17,,28.7,15,,Harvesting,25.7,127.5769231,97.76923077,1.653846154,0.538461538,99.88461538,43.92307692,47.5,42.11538462,57.69230769,49.92307692,67.5,39.11538462,92.15384615,0.653846154,0.923076923,1.846153846,118.0404572,126
Orissa,Mayurbhanj,Mustard,M-27,85-110,Clay Loam,18,,30.3,16.2,,Harvesting,25.7,127.5769231,97.76923077,1.653846154,0.538461538,99.88461538,43.92307692,47.5,42.11538462,57.69230769,49.92307692,67.5,39.11538462,92.15384615,0.653846154,0.923076923,1.846153846,118.0404572,126
Orissa,Mayurbhanj,Mustard,M-27,85-110,Clay Loam,19,,31.6,16.4,,Harvesting,25.7,127.5769231,97.76923077,1.653846154,0.538461538,99.88461538,43.92307692,47.5,42.11538462,57.69230769,49.92307692,67.5,39.11538462,92.15384615,0.653846154,0.923076923,1.846153846,118.0404572,126
Orissa,Balasore,Mustard,M-27,85-110,"Saline, Alluvial, Sandy, Laterite",1,74.8,32.3,23.4,0.3,Sowing,26.8,,,,,,,,,,,,,,,,,,
Orissa,Balasore,Mustard,M-27,85-110,"Saline, Alluvial, Sandy, Laterite",2,11.3,30.7,20,8.5,Sowing,26.8,,,,,,,,,,,,,,,,,,
Orissa,Balasore,Mustard,M-27,85-110,"Saline, Alluvial, Sandy, Laterite",3,33.6,32.2,21.4,7.5,Germination/Vegetative Growth,26.8,,,,,,,,,,,,,,,,,,
Orissa,Balasore,Mustard,M-27,85-110,"Saline, Alluvial, Sandy, Laterite",4,1.4,31.8,22.9,7.2,Germination/Vegetative Growth,26.8,,,,,,,,,,,,,,,,,,
Orissa,Balasore,Mustard,M-27,85-110,"Saline, Alluvial, Sandy, Laterite",5,24.9,31.7,23.9,8,Germination/Vegetative Growth,26.8,,,,,,,,,,,,,,,,,,
Orissa,Balasore,Mustard,M-27,85-110,"Saline, Alluvial, Sandy, Laterite",6,6,30.7,18.5,5.6,Flowering,66,,,,,,,,,,,,,,,,,,
Orissa,Balasore,Mustard,M-27,85-110,"Saline, Alluvial, Sandy, Laterite",7,20.7,30.2,19.4,,Flowering,66,,,,,,,,,,,,,,,,,,
Orissa,Balasore,Mustard,M-27,85-110,"Saline, Alluvial, Sandy, Laterite",8,1.2,29.6,13.9,8.3,Flowering,66,,,,,,,,,,,,,,,,,,
Orissa,Balasore,Mustard,M-27,85-110,"Saline, Alluvial, Sandy, Laterite",9,0.4,28.8,13.9,1.6,Seed Formation,90.7,,,,,,,,,,,,,,,,,,
Orissa,Balasore,Mustard,M-27,85-110,"Saline, Alluvial, Sandy, Laterite",10,1.5,28,14.4,8.6,Seed Formation,90.7,,,,,,,,,,,,,,,,,,
Orissa,Balasore,Mustard,M-27,85-110,"Saline, Alluvial, Sandy, Laterite",11,1.2,27.5,15.1,7.4,Seed Formation,90.7,,,,,,,,,,,,,,,,,,
Orissa,Balasore,Mustard,M-27,85-110,"Saline, Alluvial, Sandy, Laterite",12,3.7,27.1,16.4,7.3,Seed Formation,90.7,,,,,,,,,,,,,,,,,,
Orissa,Balasore,Mustard,M-27,85-110,"Saline, Alluvial, Sandy, Laterite",13,2.2,26.7,17.7,1,Seed Formation,90.7,,,,,,,,,,,,,,,,,,
Orissa,Balasore,Mustard,M-27,85-110,"Saline, Alluvial, Sandy, Laterite",14,1.8,27.1,14.4,9,Harvesting,38.5,,,,,,,,,,,,,,,,,,
Orissa,Balasore,Mustard,M-27,85-110,"Saline, Alluvial, Sandy, Laterite",15,2.6,27,14.3,9,Harvesting,38.5,,,,,,,,,,,,,,,,,,
Orissa,Balasore,Mustard,M-27,85-110,"Saline, Alluvial, Sandy, Laterite",16,4,26.5,13.3,9.2,Harvesting,38.5,,,,,,,,,,,,,,,,,,
Orissa,Phulbani,Mustard,"Local, M-27",100-130,Black/Mixed Red and Black,1,29.7,29.7,20.5,5.7,Sowing,27.6,,,,,,,,,,,,,,,,,,
Orissa,Phulbani,Mustard,"Local, M-27",100-130,Black/Mixed Red and Black,2,36.8,30.6,20.2,6.2,Sowing,27.6,,,,,,,,,,,,,,,,,,
Orissa,Phulbani,Mustard,"Local, M-27",100-130,Black/Mixed Red and Black,3,33.4,30.5,20,6.5,Germination,27.6,,,,,,,,,,,,,,,,,,
Orissa,Phulbani,Mustard,"Local, M-27",100-130,Black/Mixed Red and Black,4,29.6,32,21,6,Germination,27.6,,,,,,,,,,,,,,,,,,
Orissa,Phulbani,Mustard,"Local, M-27",100-130,Black/Mixed Red and Black,5,25.3,30.6,18.1,7.7,Vegetative Growth,52.1,,,,,,,,,,,,,,,,,,
Orissa,Phulbani,Mustard,"Local, M-27",100-130,Black/Mixed Red and Black,6,20.3,29.8,16.7,7.5,Vegetative Growth,52.1,,,,,,,,,,,,,,,,,,
Orissa,Phulbani,Mustard,"Local, M-27",100-130,Black/Mixed Red and Black,7,11.5,29,15.3,8,Vegetative Growth,52.1,,,,,,,,,,,,,,,,,,
Orissa,Phulbani,Mustard,"Local, M-27",100-130,Black/Mixed Red and Black,8,10.6,28.9,14,7.4,Vegetative Growth,52.1,,,,,,,,,,,,,,,,,,
Orissa,Phulbani,Mustard,"Local, M-27",100-130,Black/Mixed Red and Black,9,2.2,28.1,13.2,7.3,Flowering,113.8,,,,,,,,,,,,,,,,,,
Orissa,Phulbani,Mustard,"Local, M-27",100-130,Black/Mixed Red and Black,10,13.4,28,11.8,7.9,Flowering,113.8,,,,,,,,,,,,,,,,,,
Orissa,Phulbani,Mustard,"Local, M-27",100-130,Black/Mixed Red and Black,11,2.5,27.6,10.8,8.3,Flowering,113.8,,,,,,,,,,,,,,,,,,
Orissa,Phulbani,Mustard,"Local, M-27",100-130,Black/Mixed Red and Black,12,0.3,26.7,9.8,9.1,Flowering,113.8,,,,,,,,,,,,,,,,,,
Orissa,Phulbani,Mustard,"Local, M-27",100-130,Black/Mixed Red and Black,13,0,26.3,1.3,9,Seed Formation,31.4,,,,,,,,,,,,,,,,,,
Orissa,Phulbani,Mustard,"Local, M-27",100-130,Black/Mixed Red and Black,14,0,25.5,1.7,7.5,Seed Formation,31.4,,,,,,,,,,,,,,,,,,
Orissa,Phulbani,Mustard,"Local, M-27",100-130,Black/Mixed Red and Black,15,0,25.9,2,8.3,Seed Formation,31.4,,,,,,,,,,,,,,,,,,
Orissa,Phulbani,Mustard,"Local, M-27",100-130,Black/Mixed Red and Black,16,4.1,26.2,7.2,9.3,Harvesting,13.2,,,,,,,,,,,,,,,,,,
Orissa,Phulbani,Mustard,"Local, M-27",100-130,Black/Mixed Red and Black,17,0.9,26,7.3,9,Harvesting,13.2,,,,,,,,,,,,,,,,,,
Orissa,Phulbani,Maize (Kharif),"Ganga, Ageti-76, Local, Composite",85-100,Black/Mixed Red and Black,1,12.5,36.7,23,,Sowing,27.7,,,,,,,,,,,,,,,,,,
Orissa,Phulbani,Maize (Kharif),"Ganga, Ageti-76, Local, Composite",85-100,Black/Mixed Red and Black,2,21.3,31.4,22.4,4,Sowing,27.7,,,,,,,,,,,,,,,,,,
Orissa,Phulbani,Maize (Kharif),"Ganga, Ageti-76, Local, Composite",85-100,Black/Mixed Red and Black,3,67,31.1,22.5,,Germination/Vegetative Growth,65.2,,,,,,,,,,,,,,,,,,
Orissa,Phulbani,Maize (Kharif),"Ganga, Ageti-76, Local, Composite",85-100,Black/Mixed Red and Black,4,51.9,35.2,20.2,,Germination/Vegetative Growth,65.2,,,,,,,,,,,,,,,,,,
Orissa,Phulbani,Maize (Kharif),"Ganga, Ageti-76, Local, Composite",85-100,Black/Mixed Red and Black,5,50.9,29.2,31.6,,Germination/Vegetative Growth,65.2,,,,,,,,,,,,,,,,,,
Orissa,Phulbani,Maize (Kharif),"Ganga, Ageti-76, Local, Composite",85-100,Black/Mixed Red and Black,6,35,29.6,21.3,,Germination/Vegetative Growth,65.2,,,,,,,,,,,,,,,,,,
Orissa,Phulbani,Maize (Kharif),"Ganga, Ageti-76, Local, Composite",85-100,Black/Mixed Red and Black,7,63,29.9,21.3,,Flowering/Tasseling,151.8,,,,,,,,,,,,,,,,,,
Orissa,Phulbani,Maize (Kharif),"Ganga, Ageti-76, Local, Composite",85-100,Black/Mixed Red and Black,8,74.2,29,21.4,,Flowering/Tasseling,151.8,,,,,,,,,,,,,,,,,,
Orissa,Phulbani,Maize (Kharif),"Ganga, Ageti-76, Local, Composite",85-100,Black/Mixed Red and Black,9,79.5,29.5,21.1,,Flowering/Tasseling,151.8,,,,,,,,,,,,,,,,,,
Orissa,Phulbani,Maize (Kharif),"Ganga, Ageti-76, Local, Composite",85-100,Black/Mixed Red and Black,10,80.9,29.7,21.1,,Flowering/Tasseling,151.8,,,,,,,,,,,,,,,,,,
Orissa,Phulbani,Maize (Kharif),"Ganga, Ageti-76, Local, Composite",85-100,Black/Mixed Red and Black,11,97.3,29.2,21,,Grain Formation (Cob),69.3,,,,,,,,,,,,,,,,,,
Orissa,Phulbani,Maize (Kharif),"Ganga, Ageti-76, Local, Composite",85-100,Black/Mixed Red and Black,12,65.6,29,21.6,8.7,Grain Formation (Cob),69.3,,,,,,,,,,,,,,,,,,
Orissa,Phulbani,Maize (Kharif),"Ganga, Ageti-76, Local, Composite",85-100,Black/Mixed Red and Black,13,61.5,29.9,20.7,9.3,Grain Formation (Cob),69.3,,,,,,,,,,,,,,,,,,
Orissa,Phulbani,Maize (Kharif),"Ganga, Ageti-76, Local, Composite",85-100,Black/Mixed Red and Black,14,57.6,29.6,20.8,4,Grain Formation (Cob),69.3,,,,,,,,,,,,,,,,,,
Orissa,Phulbani,Maize (Kharif),"Ganga, Ageti-76, Local, Composite",85-100,Black/Mixed Red and Black,15,60.5,32,20.6,8.3,Harvesting,30.5,,,,,,,,,,,,,,,,,,
Orissa,Phulbani,Maize (Kharif),"Ganga, Ageti-76, Local, Composite",85-100,Black/Mixed Red and Black,16,16.7,30.5,19,,Harvesting,30.5,,,,,,,,,,,,,,,,,,
Orissa,Phulbani,Maize (Kharif),"Ganga, Ageti-76, Local, Composite",85-100,Black/Mixed Red and Black,17,36.8,30.6,20.8,,Harvesting,30.5,,,,,,,,,,,,,,,,,,
Orissa,Phulbani,Maize (Kharif),"Ganga, Ageti-76, Local, Composite",85-100,Black/Mixed Red and Black,18,33.4,29.7,20.2,,Harvesting,30.5,,,,,,,,,,,,,,,,,,
Orissa,Keonjargarh,Maize (Kharif),Local,85-100,Sandy Loam,1,23.2,37.8,24.4,8.3,Sowing,29.9,,,,,,,,,,,,,,,,,,
Orissa,Keonjargarh,Maize (Kharif),Local,85-100,Sandy Loam,2,34.4,36.5,24.3,6.2,Sowing,29.9,,,,,,,,,,,,,,,,,,
Orissa,Keonjargarh,Maize (Kharif),Local,85-100,Sandy Loam,3,47,34.4,24,6.6,Germination,68.3,,,,,,,,,,,,,,,,,,
Orissa,Keonjargarh,Maize (Kharif),Local,85-100,Sandy Loam,4,72.1,33,24.1,4.9,Germination,68.3,,,,,,,,,,,,,,,,,,
Orissa,Keonjargarh,Maize (Kharif),Local,85-100,Sandy Loam,5,69.2,31.4,23.6,5.6,Vegetative Growth,130.3,,,,,,,,,,,,,,,,,,
Orissa,Keonjargarh,Maize (Kharif),Local,85-100,Sandy Loam,6,52.5,30.6,23.2,4.1,Vegetative Growth,130.3,,,,,,,,,,,,,,,,,,
Orissa,Keonjargarh,Maize (Kharif),Local,85-100,Sandy Loam,7,72.4,30.2,23.3,4,Vegetative Growth,130.3,,,,,,,,,,,,,,,,,,
Orissa,Keonjargarh,Maize (Kharif),Local,85-100,Sandy Loam,8,83,29.3,23.4,4.5,Vegetative Growth,130.3,,,,,,,,,,,,,,,,,,
Orissa,Keonjargarh,Maize (Kharif),Local,85-100,Sandy Loam,9,45.3,30.2,23.6,4,Flowering/Tasseling,75.8,,,,,,,,,,,,,,,,,,
Orissa,Keonjargarh,Maize (Kharif),Local,85-100,Sandy Loam,10,93.5,30.1,23.3,5,Flowering/Tasseling,75.8,,,,,,,,,,,,,,,,,,
Orissa,Keonjargarh,Maize (Kharif),Local,85-100,Sandy Loam,11,70.2,29.8,23.2,5.5,Grain Formation (Cob),75.8,,,,,,,,,,,,,,,,,,
Orissa,Keonjargarh,Maize (Kharif),Local,85-100,Sandy Loam,12,102.1,29.9,23.3,6,Grain Formation (Cob),75.8,,,,,,,,,,,,,,,,,,
Orissa,Keonjargarh,Maize (Kharif),Local,85-100,Sandy Loam,13,40.6,30.2,23.4,5.5,Grain Formation (Cob),75.8,,,,,,,,,,,,,,,,,,
Orissa,Keonjargarh,Maize (Kharif),Local,85-100,Sandy Loam,14,74.1,29.6,21.2,5.5,Harvesting,32.3,,,,,,,,,,,,,,,,,,
Orissa,Keonjargarh,Maize (Kharif),Local,85-100,Sandy Loam,15,57.4,30,21.3,6,Harvesting,32.3,,,,,,,,,,,,,,,,,,
Orissa,Keonjargarh,Maize (Kharif),Local,85-100,Sandy Loam,16,55.6,30.3,22.8,6,Harvesting,32.3,,,,,,,,,,,,,,,,,,
Orissa,Balasore,Mung,Local,70-90,"Saline, Alluvial, Sandy, Laterite",1,67.5,32.2,23.2,6.3,Sowing,45.8,,,,,,,,,,,,,,,,,,
Orissa,Balasore,Mung,Local,70-90,"Saline, Alluvial, Sandy, Laterite",2,48.9,32.1,23.7,7.5,Sowing,45.8,,,,,,,,,,,,,,,,,,
Orissa,Balasore,Mung,Local,70-90,"Saline, Alluvial, Sandy, Laterite",3,40,31.7,22.8,7.2,Germination/Vegetative Growth,45.8,,,,,,,,,,,,,,,,,,
Orissa,Balasore,Mung,Local,70-90,"Saline, Alluvial, Sandy, Laterite",4,4.7,31.7,21.5,8,Germination/Vegetative Growth,45.8,,,,,,,,,,,,,,,,,,
Orissa,Balasore,Mung,Local,70-90,"Saline, Alluvial, Sandy, Laterite",5,22.3,31.8,20.6,8.5,Germination/Vegetative Growth,45.8,,,,,,,,,,,,,,,,,,
Orissa,Balasore,Mung,Local,70-90,"Saline, Alluvial, Sandy, Laterite",6,18.3,31.7,19.5,8.5,Flowering,74.7,,,,,,,,,,,,,,,,,,
Orissa,Balasore,Mung,Local,70-90,"Saline, Alluvial, Sandy, Laterite",7,6.3,30.3,18.3,1.6,Flowering,74.7,,,,,,,,,,,,,,,,,,
Orissa,Balasore,Mung,Local,70-90,"Saline, Alluvial, Sandy, Laterite",8,5.2,29.6,17.5,1.1,Flowering,74.7,,,,,,,,,,,,,,,,,,
Orissa,Balasore,Mung,Local,70-90,"Saline, Alluvial, Sandy, Laterite",9,3.9,28.8,16.2,4,Pod Formation,26.6,,,,,,,,,,,,,,,,,,
Orissa,Balasore,Mung,Local,70-90,"Saline, Alluvial, Sandy, Laterite",10,2.1,28.1,14.7,1.1,Pod Formation,26.6,,,,,,,,,,,,,,,,,,
Orissa,Balasore,Mung,Local,70-90,"Saline, Alluvial, Sandy, Laterite",11,3.3,27.6,14.2,,Pod Formation,26.6,,,,,,,,,,,,,,,,,,
Orissa,Balasore,Mung,Local,70-90,"Saline, Alluvial, Sandy, Laterite",12,0,27.7,13,,Harvesting,,,,,,,,,,,,,,,,,,,
Orissa,Balasore,Mung,Local,70-90,"Saline, Alluvial, Sandy, Laterite",13,0.9,23.6,13,,Harvesting,,,,,,,,,,,,,,,,,,,
Orissa,Balasore,Mung,Local,70-90,"Saline, Alluvial, Sandy, Laterite",14,1.7,26.7,13,9.2,Harvesting,,,,,,,,,,,,,,,,,,,
Orissa,Sundargarh,Mung,Local HYV,75-90,Sandy Loam,1,97.2,29.3,21.2,4.7,Sowing,38.4,133.125,94.5,0.75,4.5625,98.125,51.125,69.375,17.0625,14.75,35.25,47.25,43.75,87.875,7.375,3.5625,1.125,105.4604953,126
Orissa,Sundargarh,Mung,Local HYV,75-90,Sandy Loam,2,110.2,31.2,22.7,,Sowing,38.4,133.125,94.5,0.75,4.5625,98.125,51.125,69.375,17.0625,14.75,35.25,47.25,43.75,87.875,7.375,3.5625,1.125,105.4604953,126
Orissa,Sundargarh,Mung,Local HYV,75-90,Sandy Loam,3,32.3,31.1,22.5,,Germination,38.4,133.125,94.5,0.75,4.5625,98.125,51.125,69.375,17.0625,14.75,35.25,47.25,43.75,87.875,7.375,3.5625,1.125,105.4604953,126
Orissa,Sundargarh,Mung,Local HYV,75-90,Sandy Loam,4,8.2,32,22.4,,Germination,38.4,133.125,94.5,0.75,4.5625,98.125,51.125,69.375,17.0625,14.75,35.25,47.25,43.75,87.875,7.375,3.5625,1.125,105.4604953,126
Orissa,Sundargarh,Mung,Local HYV,75-90,Sandy Loam,5,91,31.7,22,4.5,Vegetative Growth,65.1,133.125,94.5,0.75,4.5625,98.125,51.125,69.375,17.0625,14.75,35.25,47.25,43.75,87.875,7.375,3.5625,1.125,105.4604953,126
Orissa,Sundargarh,Mung,Local HYV,75-90,Sandy Loam,6,61.4,33.2,21.4,,Vegetative Growth,65.1,133.125,94.5,0.75,4.5625,98.125,51.125,69.375,17.0625,14.75,35.25,47.25,43.75,87.875,7.375,3.5625,1.125,105.4604953,126
Orissa,Sundargarh,Mung,Local HYV,75-90,Sandy Loam,7,6.4,32.9,22.4,,Flowering,123.4,133.125,94.5,0.75,4.5625,98.125,51.125,69.375,17.0625,14.75,35.25,47.25,43.75,87.875,7.375,3.5625,1.125,105.4604953,126
Orissa,Sundargarh,Mung,Local HYV,75-90,Sandy Loam,8,41.2,33.4,23.1,7.5,Flowering,123.4,133.125,94.5,0.75,4.5625,98.125,51.125,69.375,17.0625,14.75,35.25,47.25,43.75,87.875,7.375,3.5625,1.125,105.4604953,126
Orissa,Sundargarh,Mung,Local HYV,75-90,Sandy Loam,9,0,33.8,22.2,7.5,Pod Formation,35.3,133.125,94.5,0.75,4.5625,98.125,51.125,69.375,17.0625,14.75,35.25,47.25,43.75,87.875,7.375,3.5625,1.125,105.4604953,126
Orissa,Sundargarh,Mung,Local HYV,75-90,Sandy Loam,10,2.9,33.7,22.7,2.3,Pod Formation,35.3,133.125,94.5,0.75,4.5625,98.125,51.125,69.375,17.0625,14.75,35.25,47.25,43.75,87.875,7.375,3.5625,1.125,105.4604953,126
Orissa,Sundargarh,Mung,Local HYV,75-90,Sandy Loam,11,0,32.3,19.8,8.5,Harvesting,,133.125,94.5,0.75,4.5625,98.125,51.125,69.375,17.0625,14.75,35.25,47.25,43.75,87.875,7.375,3.5625,1.125,105.4604953,126
Orissa,Sundargarh,Mung,Local HYV,75-90,Sandy Loam,12,0,31.9,17.8,8.5,Harvesting,,133.125,94.5,0.75,4.5625,98.125,51.125,69.375,17.0625,14.75,35.25,47.25,43.75,87.875,7.375,3.5625,1.125,105.4604953,126
Orissa,Sundargarh,Mung,Local HYV,75-90,Sandy Loam,13,0,31.1,18,9.5,Harvesting,,133.125,94.5,0.75,4.5625,98.125,51.125,69.375,17.0625,14.75,35.25,47.25,43.75,87.875,7.375,3.5625,1.125,105.4604953,126
Orissa,Sundargarh,Mung,Local HYV,75-90,Sandy Loam,14,0.7,30.8,14.9,8.5,Harvesting,,133.125,94.5,0.75,4.5625,98.125,51.125,69.375,17.0625,14.75,35.25,47.25,43.75,87.875,7.375,3.5625,1.125,105.4604953,126
Orissa,Ganjam,Ragi (Kharif),"AKP-2, Dibyasingh",100-130,Sandy Loam,1,12.6,31.2,27.5,8.2,Sowing,42.8,127.7272727,38.40909091,34.45454545,27.13636364,98.59090909,57.31818182,43.40909091,16.81818182,5.318181818,21.5,38.18181818,31.13636364,60.86363636,0.954545455,1.181818182,2.090909091,124.1387221,126
Orissa,Ganjam,Ragi (Kharif),"AKP-2, Dibyasingh",100-130,Sandy Loam,2,13.9,31.2,27.1,0.2,Sowing,42.8,127.7272727,38.40909091,34.45454545,27.13636364,98.59090909,57.31818182,43.40909091,16.81818182,5.318181818,21.5,38.18181818,31.13636364,60.86363636,0.954545455,1.181818182,2.090909091,124.1387221,126
Orissa,Ganjam,Ragi (Kharif),"AKP-2, Dibyasingh",100-130,Sandy Loam,3,55,32.9,26.8,6.4,Germination,42.8,127.7272727,38.40909091,34.45454545,27.13636364,98.59090909,57.31818182,43.40909091,16.81818182,5.318181818,21.5,38.18181818,31.13636364,60.86363636,0.954545455,1.181818182,2.090909091,124.1387221,126
Orissa,Ganjam,Ragi (Kharif),"AKP-2, Dibyasingh",100-130,Sandy Loam,4,31,32.1,26.5,4.8,Germination,42.8,127.7272727,38.40909091,34.45454545,27.13636364,98.59090909,57.31818182,43.40909091,16.81818182,5.318181818,21.5,38.18181818,31.13636364,60.86363636,0.954545455,1.181818182,2.090909091,124.1387221,126
Orissa,Ganjam,Ragi (Kharif),"AKP-2, Dibyasingh",100-130,Sandy Loam,5,36.8,31.8,26.2,4,Vegetative Growth,91.1,127.7272727,38.40909091,34.45454545,27.13636364,98.59090909,57.31818182,43.40909091,16.81818182,5.318181818,21.5,38.18181818,31.13636364,60.86363636,0.954545455,1.181818182,2.090909091,124.1387221,126
Orissa,Ganjam,Ragi (Kharif),"AKP-2, Dibyasingh",100-130,Sandy Loam,6,24.2,31.5,26.1,4.1,Vegetative Growth,91.1,127.7272727,38.40909091,34.45454545,27.13636364,98.59090909,57.31818182,43.40909091,16.81818182,5.318181818,21.5,38.18181818,31.13636364,60.86363636,0.954545455,1.181818182,2.090909091,124.1387221,126
Orissa,Ganjam,Ragi (Kharif),"AKP-2, Dibyasingh",100-130,Sandy Loam,7,41.4,31.1,25.7,3.5,Vegetative Growth,91.1,127.7272727,38.40909091,34.45454545,27.13636364,98.59090909,57.31818182,43.40909091,16.81818182,5.318181818,21.5,38.18181818,31.13636364,60.86363636,0.954545455,1.181818182,2.090909091,124.1387221,126
Orissa,Ganjam,Ragi (Kharif),"AKP-2, Dibyasingh",100-130,Sandy Loam,8,44.1,31.2,25.9,3.5,Flowering,158.4,127.7272727,38.40909091,34.45454545,27.13636364,98.59090909,57.31818182,43.40909091,16.81818182,5.318181818,21.5,38.18181818,31.13636364,60.86363636,0.954545455,1.181818182,2.090909091,124.1387221,126
Orissa,Ganjam,Ragi (Kharif),"AKP-2, Dibyasingh",100-130,Sandy Loam,9,40.4,31.6,25.5,3.4,Flowering,158.4,127.7272727,38.40909091,34.45454545,27.13636364,98.59090909,57.31818182,43.40909091,16.81818182,5.318181818,21.5,38.18181818,31.13636364,60.86363636,0.954545455,1.181818182,2.090909091,124.1387221,126
Orissa,Ganjam,Ragi (Kharif),"AKP-2, Dibyasingh",100-130,Sandy Loam,10,50.7,31.4,25,3.4,Flowering,158.4,127.7272727,38.40909091,34.45454545,27.13636364,98.59090909,57.31818182,43.40909091,16.81818182,5.318181818,21.5,38.18181818,31.13636364,60.86363636,0.954545455,1.181818182,2.090909091,124.1387221,126
Orissa,Ganjam,Ragi (Kharif),"AKP-2, Dibyasingh",100-130,Sandy Loam,11,46.1,31.4,25.8,4.2,Grain Formation,100.2,127.7272727,38.40909091,34.45454545,27.13636364,98.59090909,57.31818182,43.40909091,16.81818182,5.318181818,21.5,38.18181818,31.13636364,60.86363636,0.954545455,1.181818182,2.090909091,124.1387221,126
Orissa,Ganjam,Ragi (Kharif),"AKP-2, Dibyasingh",100-130,Sandy Loam,12,46.2,31.4,25.9,3,Grain Formation,100.2,127.7272727,38.40909091,34.45454545,27.13636364,98.59090909,57.31818182,43.40909091,16.81818182,5.318181818,21.5,38.18181818,31.13636364,60.86363636,0.954545455,1.181818182,2.090909091,124.1387221,126
Orissa,Ganjam,Ragi (Kharif),"AKP-2, Dibyasingh",100-130,Sandy Loam,13,39.1,32,26,3.5,Grain Formation,100.2,127.7272727,38.40909091,34.45454545,27.13636364,98.59090909,57.31818182,43.40909091,16.81818182,5.318181818,21.5,38.18181818,31.13636364,60.86363636,0.954545455,1.181818182,2.090909091,124.1387221,126
Orissa,Ganjam,Ragi (Kharif),"AKP-2, Dibyasingh",100-130,Sandy Loam,14,42.4,31.5,25.7,4.5,Harvesting,52.2,127.7272727,38.40909091,34.45454545,27.13636364,98.59090909,57.31818182,43.40909091,16.81818182,5.318181818,21.5,38.18181818,31.13636364,60.86363636,0.954545455,1.181818182,2.090909091,124.1387221,126
Orissa,Ganjam,Ragi (Kharif),"AKP-2, Dibyasingh",100-130,Sandy Loam,15,39,31.9,25.8,5.4,Harvesting,52.2,127.7272727,38.40909091,34.45454545,27.13636364,98.59090909,57.31818182,43.40909091,16.81818182,5.318181818,21.5,38.18181818,31.13636364,60.86363636,0.954545455,1.181818182,2.090909091,124.1387221,126
Orissa,Ganjam,Ragi (Kharif),"AKP-2, Dibyasingh",100-130,Sandy Loam,16,38.6,32.1,25.7,4.5,Harvesting,52.2,127.7272727,38.40909091,34.45454545,27.13636364,98.59090909,57.31818182,43.40909091,16.81818182,5.318181818,21.5,38.18181818,31.13636364,60.86363636,0.954545455,1.181818182,2.090909091,124.1387221,126
Orissa,Ganjam,Ragi (Kharif),"AKP-2, Dibyasingh",100-130,Sandy Loam,17,59.8,32.3,25.3,5.3,Harvesting,52.2,127.7272727,38.40909091,34.45454545,27.13636364,98.59090909,57.31818182,43.40909091,16.81818182,5.318181818,21.5,38.18181818,31.13636364,60.86363636,0.954545455,1.181818182,2.090909091,124.1387221,126
Orissa,Ganjam,Ragi (Kharif),"AKP-2, Dibyasingh",100-130,Sandy Loam,18,19.3,32.4,25.5,6.3,Harvesting,52.2,127.7272727,38.40909091,34.45454545,27.13636364,98.59090909,57.31818182,43.40909091,16.81818182,5.318181818,21.5,38.18181818,31.13636364,60.86363636,0.954545455,1.181818182,2.090909091,124.1387221,126
